"","PlantNumber","Taxon","Vernacular","ProvenanceType","DonorInstitute","PrincipalCollector","BgLocation","GardenGrid","GardenSubGrid","CommemorationText","Date","Direction","Percent.Buds","Percent.Flowers","Percent.Fruit","Phenophase"
"1","225-79*1","Tilia americana L.","American Basswood","Wild","MORTON-STAFF","Schulenberg, RF","Midwest","J-59","95-66",NA,46177,"N/A",100,0,0,1
"2","225-79*4","Tilia americana L.","American Basswood","Wild","MORTON-STAFF","Schulenberg, RF","Midwest","K-59","30-36",NA,46177,"N/A",0,0,0,NA
"3","225-79*3","Tilia americana L.","American Basswood","Wild","MORTON-STAFF","Schulenberg, RF","Midwest","K-59","46341",NA,46177,"N/A",0,0,0,NA
"4","225-79*6","Tilia americana L.","American Basswood","Wild","MORTON-STAFF","Schulenberg, RF","Tilia","Z-54","83-64","in river buffer",46177,"N/A",0,0,0,NA
"5","473-85*1","Tilia americana var. americana","American Basswood","Garden","MATT TURES SONS N.","n/a","Firefly Pond","G-45","10-80","In Memory of Chris Krick",46177,"N/A",100,0,0,1
"6","166-U*3","Tilia americana var. americana","American Basswood","Unknown","UNKNOWN","n/a","Thornhill South Lawn","II-27","85-05","In Memory of Chris Krick",46177,"N/A",100,0,0,1
"7","283-95*1","Tilia americana var. americana","American Basswood","Garden","KLEHM N.","n/a","Thornhill Parking","MM-24","78-45",NA,46177,"N/A",100,0,0,1
"8","194-94*1","Tilia americana var. americana","American Basswood","Garden","KLEHM N.","n/a","Thornhill Parking","NN-24","88-71","Mary R. Crossman
 1911 - 2007
 Beloved mother and grandmother.
 Lover of nature, arts and 
 an occasional scotch.",46177,"N/A",100,0,0,1
"9","821-37*1","Tilia americana var. americana","American Basswood","Garden","HESSE N.","n/a","Tilia","W-56","95-19",NA,46177,"N/A",0,0,0,NA
"10","850-55*1","Tilia americana var. americana","American Basswood","Garden","MORTON","n/a","Tilia","X-56","94-67",NA,46177,"N/A",100,0,0,1
"11","166-U*2","Tilia americana var. americana","American Basswood","Unknown","UNKNOWN","n/a","Anacardiaceae","X-59","90-10",NA,46177,"N/A",100,0,0,1
"12","2122-23*1","Tilia americana var. americana","American Basswood","Garden","OTTAWA CENT. EXP. FARM","n/a","Tilia","Y-56","32-85",NA,46177,"N/A",100,0,0,1
"13","225-79*1",NA,NA,NA,NA,NA,NA,NA,NA,NA,46185,"N/A",100,0,0,1
"14","225-79*4",NA,NA,NA,NA,NA,NA,NA,NA,NA,46185,"N/A",0,0,0,NA
"15","225-79*3",NA,NA,NA,NA,NA,NA,NA,NA,NA,46185,"N/A",0,0,0,NA
"16","225-79*6",NA,NA,NA,NA,NA,NA,NA,NA,NA,46185,"N/A",100,0,0,1
"17","473-85*1",NA,NA,NA,NA,NA,NA,NA,NA,NA,46185,"N/A",100,0,0,1
"18","166-U*3",NA,NA,NA,NA,NA,NA,NA,NA,NA,46185,"N/A",100,0,0,1
"19","283-95*1",NA,NA,NA,NA,NA,NA,NA,NA,NA,46185,"N/A",0,0,0,NA
"20","194-94*1",NA,NA,NA,NA,NA,NA,NA,NA,NA,46185,"N/A",100,0,0,1
"21","821-37*1",NA,NA,NA,NA,NA,NA,NA,NA,NA,46185,"N/A",100,0,0,1
"22","850-55*1",NA,NA,NA,NA,NA,NA,NA,NA,NA,46185,"N/A",99,1,0,1
"23","166-U*2",NA,NA,NA,NA,NA,NA,NA,NA,NA,46185,"N/A",99,1,0,1
"24","567-32*3",NA,NA,NA,NA,NA,NA,NA,NA,NA,46185,"N/A",28,54,18,5
"25","2122-23*1",NA,NA,NA,NA,NA,NA,NA,NA,NA,46185,"N/A",100,0,0,1
"26","225-79*1",NA,NA,NA,NA,NA,NA,NA,NA,NA,46188,"North",0,0,0,NA
"27","225-79*4",NA,NA,NA,NA,NA,NA,NA,NA,NA,46188,"North",0,0,0,NA
"28","225-79*3",NA,NA,NA,NA,NA,NA,NA,NA,NA,46188,"North",0,0,0,NA
"29","225-79*6",NA,NA,NA,NA,NA,NA,NA,NA,NA,46188,"North",100,0,0,1
"30","473-85*1",NA,NA,NA,NA,NA,NA,NA,NA,NA,46188,"North",100,0,0,1
"31","166-U*3",NA,NA,NA,NA,NA,NA,NA,NA,NA,46188,"North",100,0,0,1
"32","283-95*1",NA,NA,NA,NA,NA,NA,NA,NA,NA,46188,"North",0,0,0,NA
"33","194-94*1",NA,NA,NA,NA,NA,NA,NA,NA,NA,46188,"North",97,3,0,1
"34","821-37*1",NA,NA,NA,NA,NA,NA,NA,NA,NA,46188,"North",0,0,0,NA
"35","850-55*1",NA,NA,NA,NA,NA,NA,NA,NA,NA,46188,"North",0,0,0,NA
"36","166-U*2",NA,NA,NA,NA,NA,NA,NA,NA,NA,46188,"North",0,0,0,NA
"37","567-32*3",NA,NA,NA,NA,NA,NA,NA,NA,NA,46188,"North",35,59,6,5
"38","2122-23*1",NA,NA,NA,NA,NA,NA,NA,NA,NA,46188,"North",100,0,0,1
"39","225-79*1",NA,NA,NA,NA,NA,NA,NA,NA,NA,46188,"East",100,0,0,1
"40","225-79*4",NA,NA,NA,NA,NA,NA,NA,NA,NA,46188,"East",0,0,0,NA
"41","225-79*3",NA,NA,NA,NA,NA,NA,NA,NA,NA,46188,"East",0,0,0,NA
"42","225-79*6",NA,NA,NA,NA,NA,NA,NA,NA,NA,46188,"East",100,0,0,1
"43","473-85*1",NA,NA,NA,NA,NA,NA,NA,NA,NA,46188,"East",97,3,0,1
"44","166-U*3",NA,NA,NA,NA,NA,NA,NA,NA,NA,46188,"East",100,0,0,1
"45","283-95*1",NA,NA,NA,NA,NA,NA,NA,NA,NA,46188,"East",0,0,0,NA
"46","194-94*1",NA,NA,NA,NA,NA,NA,NA,NA,NA,46188,"East",100,0,0,1
"47","821-37*1",NA,NA,NA,NA,NA,NA,NA,NA,NA,46188,"East",100,0,0,1
"48","850-55*1",NA,NA,NA,NA,NA,NA,NA,NA,NA,46188,"East",100,0,0,1
"49","166-U*2",NA,NA,NA,NA,NA,NA,NA,NA,NA,46188,"East",100,0,0,1
"50","567-32*3",NA,NA,NA,NA,NA,NA,NA,NA,NA,46188,"East",40,58,2,3
"51","2122-23*1",NA,NA,NA,NA,NA,NA,NA,NA,NA,46188,"East",100,0,0,1
"52","225-79*1",NA,NA,NA,NA,NA,NA,NA,NA,NA,46188,"South",0,0,0,NA
"53","225-79*4",NA,NA,NA,NA,NA,NA,NA,NA,NA,46188,"South",0,0,0,NA
"54","225-79*3",NA,NA,NA,NA,NA,NA,NA,NA,NA,46188,"South",0,0,0,NA
"55","225-79*6",NA,NA,NA,NA,NA,NA,NA,NA,NA,46188,"South",100,0,0,1
"56","473-85*1",NA,NA,NA,NA,NA,NA,NA,NA,NA,46188,"South",100,0,0,1
"57","166-U*3",NA,NA,NA,NA,NA,NA,NA,NA,NA,46188,"South",100,0,0,1
"58","283-95*1",NA,NA,NA,NA,NA,NA,NA,NA,NA,46188,"South",0,0,0,NA
"59","194-94*1",NA,NA,NA,NA,NA,NA,NA,NA,NA,46188,"South",100,0,0,1
"60","821-37*1",NA,NA,NA,NA,NA,NA,NA,NA,NA,46188,"South",100,0,0,1
"61","850-55*1",NA,NA,NA,NA,NA,NA,NA,NA,NA,46188,"South",100,0,0,1
"62","166-U*2",NA,NA,NA,NA,NA,NA,NA,NA,NA,46188,"South",100,0,0,1
"63","567-32*3",NA,NA,NA,NA,NA,NA,NA,NA,NA,46188,"South",19,81,0,5
"64","2122-23*1",NA,NA,NA,NA,NA,NA,NA,NA,NA,46188,"South",100,0,0,1
"65","225-79*1",NA,NA,NA,NA,NA,NA,NA,NA,NA,46188,"West",0,0,0,NA
"66","225-79*4",NA,NA,NA,NA,NA,NA,NA,NA,NA,46188,"West",0,0,0,NA
"67","225-79*3",NA,NA,NA,NA,NA,NA,NA,NA,NA,46188,"West",0,0,0,NA
"68","225-79*6",NA,NA,NA,NA,NA,NA,NA,NA,NA,46188,"West",100,0,0,1
"69","473-85*1",NA,NA,NA,NA,NA,NA,NA,NA,NA,46188,"West",100,0,0,1
"70","166-U*3",NA,NA,NA,NA,NA,NA,NA,NA,NA,46188,"West",100,0,0,1
"71","283-95*1",NA,NA,NA,NA,NA,NA,NA,NA,NA,46188,"West",0,0,0,NA
"72","194-94*1",NA,NA,NA,NA,NA,NA,NA,NA,NA,46188,"West",0,0,0,NA
"73","821-37*1",NA,NA,NA,NA,NA,NA,NA,NA,NA,46188,"West",0,0,0,NA
"74","850-55*1",NA,NA,NA,NA,NA,NA,NA,NA,NA,46188,"West",0,0,0,NA
"75","166-U*2",NA,NA,NA,NA,NA,NA,NA,NA,NA,46188,"West",0,0,0,NA
"76","567-32*3",NA,NA,NA,NA,NA,NA,NA,NA,NA,46188,"West",38,60,2,5
"77","2122-23*1",NA,NA,NA,NA,NA,NA,NA,NA,NA,46188,"West",100,0,0,1
"78","225-79*1",NA,NA,NA,NA,NA,NA,NA,NA,NA,46191,"North",0,0,0,NA
"79","225-79*4",NA,NA,NA,NA,NA,NA,NA,NA,NA,46191,"North",0,0,0,NA
"80","225-79*3",NA,NA,NA,NA,NA,NA,NA,NA,NA,46191,"North",0,0,0,NA
"81","225-79*6",NA,NA,NA,NA,NA,NA,NA,NA,NA,46191,"North",100,0,0,1
"82","473-85*1",NA,NA,NA,NA,NA,NA,NA,NA,NA,46191,"North",98,2,0,1
"83","166-U*3",NA,NA,NA,NA,NA,NA,NA,NA,NA,46191,"North",100,0,0,1
"84","283-95*1",NA,NA,NA,NA,NA,NA,NA,NA,NA,46191,"North",0,0,0,NA
"85","194-94*1",NA,NA,NA,NA,NA,NA,NA,NA,NA,46191,"North",96,4,0,1
"86","821-37*1",NA,NA,NA,NA,NA,NA,NA,NA,NA,46191,"North",100,0,0,1
"87","850-55*1",NA,NA,NA,NA,NA,NA,NA,NA,NA,46191,"North",100,0,0,1
"88","166-U*2",NA,NA,NA,NA,NA,NA,NA,NA,NA,46191,"North",100,0,0,1
"89","567-32*3",NA,NA,NA,NA,NA,NA,NA,NA,NA,46191,"North",5,66,29,5
"90","2122-23*1",NA,NA,NA,NA,NA,NA,NA,NA,NA,46191,"North",100,0,0,1
"91","225-79*1",NA,NA,NA,NA,NA,NA,NA,NA,NA,46191,"East",95,5,0,2
"92","225-79*4",NA,NA,NA,NA,NA,NA,NA,NA,NA,46191,"East",0,0,0,NA
"93","225-79*3",NA,NA,NA,NA,NA,NA,NA,NA,NA,46191,"East",0,0,0,NA
"94","225-79*6",NA,NA,NA,NA,NA,NA,NA,NA,NA,46191,"East",100,0,0,1
"95","473-85*1",NA,NA,NA,NA,NA,NA,NA,NA,NA,46191,"East",98,2,0,1
"96","166-U*3",NA,NA,NA,NA,NA,NA,NA,NA,NA,46191,"East",100,0,0,1
"97","283-95*1",NA,NA,NA,NA,NA,NA,NA,NA,NA,46191,"East",0,0,0,NA
"98","194-94*1",NA,NA,NA,NA,NA,NA,NA,NA,NA,46191,"East",100,0,0,1
"99","821-37*1",NA,NA,NA,NA,NA,NA,NA,NA,NA,46191,"East",100,0,0,1
"100","850-55*1",NA,NA,NA,NA,NA,NA,NA,NA,NA,46191,"East",100,0,0,1
"101","166-U*2",NA,NA,NA,NA,NA,NA,NA,NA,NA,46191,"East",100,0,0,1
"102","567-32*3",NA,NA,NA,NA,NA,NA,NA,NA,NA,46191,"East",77,23,0,2
"103","2122-23*1",NA,NA,NA,NA,NA,NA,NA,NA,NA,46191,"East",100,0,0,1
"104","225-79*1",NA,NA,NA,NA,NA,NA,NA,NA,NA,46191,"South",100,0,0,1
"105","225-79*4",NA,NA,NA,NA,NA,NA,NA,NA,NA,46191,"South",0,0,0,NA
"106","225-79*3",NA,NA,NA,NA,NA,NA,NA,NA,NA,46191,"South",53,47,0,3
"107","225-79*6",NA,NA,NA,NA,NA,NA,NA,NA,NA,46191,"South",100,0,0,1
"108","473-85*1",NA,NA,NA,NA,NA,NA,NA,NA,NA,46191,"South",100,0,0,1
"109","166-U*3",NA,NA,NA,NA,NA,NA,NA,NA,NA,46191,"South",100,0,0,1
"110","283-95*1",NA,NA,NA,NA,NA,NA,NA,NA,NA,46191,"South",0,0,0,NA
"111","194-94*1",NA,NA,NA,NA,NA,NA,NA,NA,NA,46191,"South",100,0,0,1
"112","821-37*1",NA,NA,NA,NA,NA,NA,NA,NA,NA,46191,"South",100,0,0,1
"113","850-55*1",NA,NA,NA,NA,NA,NA,NA,NA,NA,46191,"South",100,0,0,1
"114","166-U*2",NA,NA,NA,NA,NA,NA,NA,NA,NA,46191,"South",100,0,0,1
"115","567-32*3",NA,NA,NA,NA,NA,NA,NA,NA,NA,46191,"South",15,85,0,5
"116","2122-23*1",NA,NA,NA,NA,NA,NA,NA,NA,NA,46191,"South",100,0,0,1
"117","225-79*1",NA,NA,NA,NA,NA,NA,NA,NA,NA,46191,"West",0,0,0,NA
"118","225-79*4",NA,NA,NA,NA,NA,NA,NA,NA,NA,46191,"West",0,0,0,NA
"119","225-79*3",NA,NA,NA,NA,NA,NA,NA,NA,NA,46191,"West",65,35,0,3
"120","225-79*6",NA,NA,NA,NA,NA,NA,NA,NA,NA,46191,"West",100,0,0,1
"121","473-85*1",NA,NA,NA,NA,NA,NA,NA,NA,NA,46191,"West",100,0,0,1
"122","166-U*3",NA,NA,NA,NA,NA,NA,NA,NA,NA,46191,"West",100,0,0,1
"123","283-95*1",NA,NA,NA,NA,NA,NA,NA,NA,NA,46191,"West",0,0,0,NA
"124","194-94*1",NA,NA,NA,NA,NA,NA,NA,NA,NA,46191,"West",0,0,0,NA
"125","821-37*1",NA,NA,NA,NA,NA,NA,NA,NA,NA,46191,"West",100,0,0,1
"126","850-55*1",NA,NA,NA,NA,NA,NA,NA,NA,NA,46191,"West",100,0,0,1
"127","166-U*2",NA,NA,NA,NA,NA,NA,NA,NA,NA,46191,"West",100,0,0,1
"128","567-32*3",NA,NA,NA,NA,NA,NA,NA,NA,NA,46191,"West",8,70,22,5
"129","2122-23*1",NA,NA,NA,NA,NA,NA,NA,NA,NA,46191,"West",100,0,0,1
"130","225-79*1",NA,NA,NA,NA,NA,NA,NA,NA,NA,46195,"North",0,0,0,NA
"131","225-79*4",NA,NA,NA,NA,NA,NA,NA,NA,NA,46195,"North",0,0,0,NA
"132","225-79*3",NA,NA,NA,NA,NA,NA,NA,NA,NA,46195,"North",0,0,0,NA
"133","225-79*6",NA,NA,NA,NA,NA,NA,NA,NA,NA,46195,"North",99,1,0,1
"134","473-85*1",NA,NA,NA,NA,NA,NA,NA,NA,NA,46195,"North",83,17,0,2
"135","166-U*3",NA,NA,NA,NA,NA,NA,NA,NA,NA,46195,"North",100,0,0,1
"136","283-95*1",NA,NA,NA,NA,NA,NA,NA,NA,NA,46195,"North",0,0,0,NA
"137","194-94*1",NA,NA,NA,NA,NA,NA,NA,NA,NA,46195,"North",0,0,0,NA
"138","821-37*1",NA,NA,NA,NA,NA,NA,NA,NA,NA,46195,"North",100,0,0,1
"139","850-55*1",NA,NA,NA,NA,NA,NA,NA,NA,NA,46195,"North",93,7,0,2
"140","166-U*2",NA,NA,NA,NA,NA,NA,NA,NA,NA,46195,"North",62,38,0,3
"141","567-32*3",NA,NA,NA,NA,NA,NA,NA,NA,NA,46195,"North",0,8,92,8
"142","2122-23*1",NA,NA,NA,NA,NA,NA,NA,NA,NA,46195,"North",79,21,0,2
"143","225-79*1",NA,NA,NA,NA,NA,NA,NA,NA,NA,46195,"East",71,29,0,2
"144","225-79*4",NA,NA,NA,NA,NA,NA,NA,NA,NA,46195,"East",0,0,0,NA
"145","225-79*3",NA,NA,NA,NA,NA,NA,NA,NA,NA,46195,"East",0,0,0,NA
"146","225-79*6",NA,NA,NA,NA,NA,NA,NA,NA,NA,46195,"East",100,0,0,1
"147","473-85*1",NA,NA,NA,NA,NA,NA,NA,NA,NA,46195,"East",90,8,2,2
"148","166-U*3",NA,NA,NA,NA,NA,NA,NA,NA,NA,46195,"East",98,2,0,1
"149","283-95*1",NA,NA,NA,NA,NA,NA,NA,NA,NA,46195,"East",0,0,0,NA
"150","194-94*1",NA,NA,NA,NA,NA,NA,NA,NA,NA,46195,"East",100,0,0,1
"151","821-37*1",NA,NA,NA,NA,NA,NA,NA,NA,NA,46195,"East",100,0,0,1
"152","850-55*1",NA,NA,NA,NA,NA,NA,NA,NA,NA,46195,"East",100,0,0,1
"153","166-U*2",NA,NA,NA,NA,NA,NA,NA,NA,NA,46195,"East",79,21,0,2
"154","567-32*3",NA,NA,NA,NA,NA,NA,NA,NA,NA,46195,"East",0,21,79,7
"155","2122-23*1",NA,NA,NA,NA,NA,NA,NA,NA,NA,46195,"East",94,6,0,2
"156","225-79*1",NA,NA,NA,NA,NA,NA,NA,NA,NA,46195,"South",65,35,0,3
"157","225-79*4",NA,NA,NA,NA,NA,NA,NA,NA,NA,46195,"South",0,0,0,NA
"158","225-79*3",NA,NA,NA,NA,NA,NA,NA,NA,NA,46195,"South",50,50,0,3
"159","225-79*6",NA,NA,NA,NA,NA,NA,NA,NA,NA,46195,"South",98,2,0,1
"160","473-85*1",NA,NA,NA,NA,NA,NA,NA,NA,NA,46195,"South",94,6,0,2
"161","166-U*3",NA,NA,NA,NA,NA,NA,NA,NA,NA,46195,"South",94,6,0,2
"162","283-95*1",NA,NA,NA,NA,NA,NA,NA,NA,NA,46195,"South",0,0,0,NA
"163","194-94*1",NA,NA,NA,NA,NA,NA,NA,NA,NA,46195,"South",100,0,0,1
"164","821-37*1",NA,NA,NA,NA,NA,NA,NA,NA,NA,46195,"South",100,0,0,1
"165","850-55*1",NA,NA,NA,NA,NA,NA,NA,NA,NA,46195,"South",100,0,0,1
"166","166-U*2",NA,NA,NA,NA,NA,NA,NA,NA,NA,46195,"South",89,11,0,2
"167","567-32*3",NA,NA,NA,NA,NA,NA,NA,NA,NA,46195,"South",0,11,89,8
"168","2122-23*1",NA,NA,NA,NA,NA,NA,NA,NA,NA,46195,"South",100,0,0,1
"169","225-79*1",NA,NA,NA,NA,NA,NA,NA,NA,NA,46195,"West",0,0,0,NA
"170","225-79*4",NA,NA,NA,NA,NA,NA,NA,NA,NA,46195,"West",0,0,0,NA
"171","225-79*3",NA,NA,NA,NA,NA,NA,NA,NA,NA,46195,"West",50,50,0,3
"172","225-79*6",NA,NA,NA,NA,NA,NA,NA,NA,NA,46195,"West",97,3,0,1
"173","473-85*1",NA,NA,NA,NA,NA,NA,NA,NA,NA,46195,"West",66,34,0,3
"174","166-U*3",NA,NA,NA,NA,NA,NA,NA,NA,NA,46195,"West",100,0,0,1
"175","283-95*1",NA,NA,NA,NA,NA,NA,NA,NA,NA,46195,"West",0,0,0,NA
"176","194-94*1",NA,NA,NA,NA,NA,NA,NA,NA,NA,46195,"West",0,0,0,NA
"177","821-37*1",NA,NA,NA,NA,NA,NA,NA,NA,NA,46195,"West",100,0,0,1
"178","850-55*1",NA,NA,NA,NA,NA,NA,NA,NA,NA,46195,"West",99,1,0,1
"179","166-U*2",NA,NA,NA,NA,NA,NA,NA,NA,NA,46195,"West",91,9,0,2
"180","567-32*3",NA,NA,NA,NA,NA,NA,NA,NA,NA,46195,"West",0,39,61,7
"181","2122-23*1",NA,NA,NA,NA,NA,NA,NA,NA,NA,46195,"West",100,0,0,1
"182","225-79*1",NA,NA,NA,NA,NA,NA,NA,NA,NA,46199,"North",0,0,0,NA
"183","225-79*4",NA,NA,NA,NA,NA,NA,NA,NA,NA,46199,"North",0,0,0,NA
"184","225-79*3",NA,NA,NA,NA,NA,NA,NA,NA,NA,46199,"North",0,100,0,5
"185","225-79*6",NA,NA,NA,NA,NA,NA,NA,NA,NA,46199,"North",81,19,0,2
"186","473-85*1",NA,NA,NA,NA,NA,NA,NA,NA,NA,46199,"North",66,34,0,3
"187","166-U*3",NA,NA,NA,NA,NA,NA,NA,NA,NA,46199,"North",77,23,0,2
"188","283-95*1",NA,NA,NA,NA,NA,NA,NA,NA,NA,46199,"North",0,0,0,NA
"189","194-94*1",NA,NA,NA,NA,NA,NA,NA,NA,NA,46199,"North",0,0,0,NA
"190","821-37*1",NA,NA,NA,NA,NA,NA,NA,NA,NA,46199,"North",64,33,0,3
"191","850-55*1",NA,NA,NA,NA,NA,NA,NA,NA,NA,46199,"North",93,7,0,2
"192","166-U*2",NA,NA,NA,NA,NA,NA,NA,NA,NA,46199,"North",33,66,0,5
"193","567-32*3",NA,NA,NA,NA,NA,NA,NA,NA,NA,46199,"North",0,0,100,9
"194","2122-23*1",NA,NA,NA,NA,NA,NA,NA,NA,NA,46199,"North",88,12,0,2
"195","225-79*1",NA,NA,NA,NA,NA,NA,NA,NA,NA,46199,"East",16,84,0,5
"196","225-79*4",NA,NA,NA,NA,NA,NA,NA,NA,NA,46199,"East",0,0,0,NA
"197","225-79*3",NA,NA,NA,NA,NA,NA,NA,NA,NA,46199,"East",12,88,0,5
"198","225-79*6",NA,NA,NA,NA,NA,NA,NA,NA,NA,46199,"East",100,0,0,1
"199","473-85*1",NA,NA,NA,NA,NA,NA,NA,NA,NA,46199,"East",12,88,0,5
"200","166-U*3",NA,NA,NA,NA,NA,NA,NA,NA,NA,46199,"East",91,9,0,2
"201","283-95*1",NA,NA,NA,NA,NA,NA,NA,NA,NA,46199,"East",0,0,0,NA
"202","194-94*1",NA,NA,NA,NA,NA,NA,NA,NA,NA,46199,"East",70,30,0,2
"203","821-37*1",NA,NA,NA,NA,NA,NA,NA,NA,NA,46199,"East",0,0,0,NA
"204","850-55*1",NA,NA,NA,NA,NA,NA,NA,NA,NA,46199,"East",70,30,0,2
"205","166-U*2",NA,NA,NA,NA,NA,NA,NA,NA,NA,46199,"East",41,59,0,3
"206","567-32*3",NA,NA,NA,NA,NA,NA,NA,NA,NA,46199,"East",0,0,100,9
"207","2122-23*1",NA,NA,NA,NA,NA,NA,NA,NA,NA,46199,"East",92,8,0,2
"208","225-79*1",NA,NA,NA,NA,NA,NA,NA,NA,NA,46199,"South",14,86,0,5
"209","225-79*4",NA,NA,NA,NA,NA,NA,NA,NA,NA,46199,"South",0,0,0,NA
"210","225-79*3",NA,NA,NA,NA,NA,NA,NA,NA,NA,46199,"South",100,0,0,1
"211","225-79*6",NA,NA,NA,NA,NA,NA,NA,NA,NA,46199,"South",93,7,0,2
"212","473-85*1",NA,NA,NA,NA,NA,NA,NA,NA,NA,46199,"South",75,25,0,2
"213","166-U*3",NA,NA,NA,NA,NA,NA,NA,NA,NA,46199,"South",80,20,0,2
"214","283-95*1",NA,NA,NA,NA,NA,NA,NA,NA,NA,46199,"South",0,0,0,NA
"215","194-94*1",NA,NA,NA,NA,NA,NA,NA,NA,NA,46199,"South",88,12,0,2
"216","821-37*1",NA,NA,NA,NA,NA,NA,NA,NA,NA,46199,"South",85,15,0,2
"217","850-55*1",NA,NA,NA,NA,NA,NA,NA,NA,NA,46199,"South",88,12,0,2
"218","166-U*2",NA,NA,NA,NA,NA,NA,NA,NA,NA,46199,"South",51,49,0,3
"219","567-32*3",NA,NA,NA,NA,NA,NA,NA,NA,NA,46199,"South",0,0,100,9
"220","2122-23*1",NA,NA,NA,NA,NA,NA,NA,NA,NA,46199,"South",71,29,0,2
"221","225-79*1",NA,NA,NA,NA,NA,NA,NA,NA,NA,46199,"West",0,0,0,NA
"222","225-79*4",NA,NA,NA,NA,NA,NA,NA,NA,NA,46199,"West",0,0,0,NA
"223","225-79*3",NA,NA,NA,NA,NA,NA,NA,NA,NA,46199,"West",0,89,11,5
"224","225-79*6",NA,NA,NA,NA,NA,NA,NA,NA,NA,46199,"West",95,5,0,2
"225","473-85*1",NA,NA,NA,NA,NA,NA,NA,NA,NA,46199,"West",18,82,0,5
"226","166-U*3",NA,NA,NA,NA,NA,NA,NA,NA,NA,46199,"West",66,34,0,3
"227","283-95*1",NA,NA,NA,NA,NA,NA,NA,NA,NA,46199,"West",0,0,0,NA
"228","194-94*1",NA,NA,NA,NA,NA,NA,NA,NA,NA,46199,"West",0,0,0,NA
"229","821-37*1",NA,NA,NA,NA,NA,NA,NA,NA,NA,46199,"West",0,0,0,NA
"230","850-55*1",NA,NA,NA,NA,NA,NA,NA,NA,NA,46199,"West",88,12,0,2
"231","166-U*2",NA,NA,NA,NA,NA,NA,NA,NA,NA,46199,"West",54,56,0,3
"232","567-32*3",NA,NA,NA,NA,NA,NA,NA,NA,NA,46199,"West",0,4,96,9
"233","2122-23*1",NA,NA,NA,NA,NA,NA,NA,NA,NA,46199,"West",72,28,0,2
"234","225-79*1",NA,NA,NA,NA,NA,NA,NA,NA,NA,46202,"North",0,0,0,NA
"235","225-79*4",NA,NA,NA,NA,NA,NA,NA,NA,NA,46202,"North",0,0,0,NA
"236","225-79*3",NA,NA,NA,NA,NA,NA,NA,NA,NA,46202,"North",0,0,0,NA
"237","225-79*6",NA,NA,NA,NA,NA,NA,NA,NA,NA,46202,"North",40,60,0,3
"238","473-85*1",NA,NA,NA,NA,NA,NA,NA,NA,NA,46202,"North",8,71,21,5
"239","166-U*3",NA,NA,NA,NA,NA,NA,NA,NA,NA,46202,"North",68,32,0,3
"240","283-95*1",NA,NA,NA,NA,NA,NA,NA,NA,NA,46202,"North",0,0,0,NA
"241","194-94*1",NA,NA,NA,NA,NA,NA,NA,NA,NA,46202,"North",25,75,0,5
"242","821-37*1",NA,NA,NA,NA,NA,NA,NA,NA,NA,46202,"North",57,43,0,3
"243","850-55*1",NA,NA,NA,NA,NA,NA,NA,NA,NA,46202,"North",59,41,0,3
"244","166-U*2",NA,NA,NA,NA,NA,NA,NA,NA,NA,46202,"North",18,82,0,5
"245","567-32*3",NA,NA,NA,NA,NA,NA,NA,NA,NA,46202,"North",0,0,100,9
"246","2122-23*1",NA,NA,NA,NA,NA,NA,NA,NA,NA,46202,"North",38,59,3,5
"247","225-79*1",NA,NA,NA,NA,NA,NA,NA,NA,NA,46202,"East",18,73,9,5
"248","225-79*4",NA,NA,NA,NA,NA,NA,NA,NA,NA,46202,"East",0,100,0,5
"249","225-79*3",NA,NA,NA,NA,NA,NA,NA,NA,NA,46202,"East",0,100,0,5
"250","225-79*6",NA,NA,NA,NA,NA,NA,NA,NA,NA,46202,"East",68,32,0,3
"251","473-85*1",NA,NA,NA,NA,NA,NA,NA,NA,NA,46202,"East",42,55,3,3
"252","166-U*3",NA,NA,NA,NA,NA,NA,NA,NA,NA,46202,"East",48,52,0,3
"253","283-95*1",NA,NA,NA,NA,NA,NA,NA,NA,NA,46202,"East",0,0,0,NA
"254","194-94*1",NA,NA,NA,NA,NA,NA,NA,NA,NA,46202,"East",24,76,0,5
"255","821-37*1",NA,NA,NA,NA,NA,NA,NA,NA,NA,46202,"East",69,31,0,3
"256","850-55*1",NA,NA,NA,NA,NA,NA,NA,NA,NA,46202,"East",88,12,0,2
"257","166-U*2",NA,NA,NA,NA,NA,NA,NA,NA,NA,46202,"East",7,93,0,5
"258","567-32*3",NA,NA,NA,NA,NA,NA,NA,NA,NA,46202,"East",0,0,100,9
"259","2122-23*1",NA,NA,NA,NA,NA,NA,NA,NA,NA,46202,"East",61,39,0,3
"260","225-79*1",NA,NA,NA,NA,NA,NA,NA,NA,NA,46202,"South",0,93,7,5
"261","225-79*4",NA,NA,NA,NA,NA,NA,NA,NA,NA,46202,"South",0,0,0,NA
"262","225-79*3",NA,NA,NA,NA,NA,NA,NA,NA,NA,46202,"South",0,0,0,NA
"263","225-79*6",NA,NA,NA,NA,NA,NA,NA,NA,NA,46202,"South",80,20,0,2
"264","473-85*1",NA,NA,NA,NA,NA,NA,NA,NA,NA,46202,"South",27,70,3,5
"265","166-U*3",NA,NA,NA,NA,NA,NA,NA,NA,NA,46202,"South",38,62,0,5
"266","283-95*1",NA,NA,NA,NA,NA,NA,NA,NA,NA,46202,"South",0,0,0,NA
"267","194-94*1",NA,NA,NA,NA,NA,NA,NA,NA,NA,46202,"South",0,0,0,NA
"268","821-37*1",NA,NA,NA,NA,NA,NA,NA,NA,NA,46202,"South",43,57,0,3
"269","850-55*1",NA,NA,NA,NA,NA,NA,NA,NA,NA,46202,"South",19,81,0,5
"270","166-U*2",NA,NA,NA,NA,NA,NA,NA,NA,NA,46202,"South",10,88,2,5
"271","567-32*3",NA,NA,NA,NA,NA,NA,NA,NA,NA,46202,"South",0,0,100,9
"272","2122-23*1",NA,NA,NA,NA,NA,NA,NA,NA,NA,46202,"South",19,81,0,5
"273","225-79*1",NA,NA,NA,NA,NA,NA,NA,NA,NA,46202,"West",0,0,0,NA
"274","225-79*4",NA,NA,NA,NA,NA,NA,NA,NA,NA,46202,"West",0,100,0,5
"275","225-79*3",NA,NA,NA,NA,NA,NA,NA,NA,NA,46202,"West",0,100,0,5
"276","225-79*6",NA,NA,NA,NA,NA,NA,NA,NA,NA,46202,"West",38,59,3,5
"277","473-85*1",NA,NA,NA,NA,NA,NA,NA,NA,NA,46202,"West",5,95,0,5
"278","166-U*3",NA,NA,NA,NA,NA,NA,NA,NA,NA,46202,"West",62,38,0,3
"279","283-95*1",NA,NA,NA,NA,NA,NA,NA,NA,NA,46202,"West",0,0,0,NA
"280","194-94*1",NA,NA,NA,NA,NA,NA,NA,NA,NA,46202,"West",0,0,0,NA
"281","821-37*1",NA,NA,NA,NA,NA,NA,NA,NA,NA,46202,"West",58,42,0,3
"282","850-55*1",NA,NA,NA,NA,NA,NA,NA,NA,NA,46202,"West",59,41,0,3
"283","166-U*2",NA,NA,NA,NA,NA,NA,NA,NA,NA,46202,"West",24,70,6,5
"284","567-32*3",NA,NA,NA,NA,NA,NA,NA,NA,NA,46202,"West",0,0,100,9
"285","2122-23*1",NA,NA,NA,NA,NA,NA,NA,NA,NA,46202,"West",59,41,0,3
"286","225-79*1",NA,NA,NA,NA,NA,NA,NA,NA,NA,46205,"North",0,0,0,NA
"287","225-79*4",NA,NA,NA,NA,NA,NA,NA,NA,NA,46205,"North",0,0,0,NA
"288","225-79*3",NA,NA,NA,NA,NA,NA,NA,NA,NA,46205,"North",0,0,0,NA
"289","225-79*6",NA,NA,NA,NA,NA,NA,NA,NA,NA,46205,"North",11,84,5,5
"290","473-85*1",NA,NA,NA,NA,NA,NA,NA,NA,NA,46205,"North",20,33,47,6
"291","166-U*3",NA,NA,NA,NA,NA,NA,NA,NA,NA,46205,"North",11,89,0,5
"292","283-95*1",NA,NA,NA,NA,NA,NA,NA,NA,NA,46205,"North",0,0,0,NA
"293","194-94*1",NA,NA,NA,NA,NA,NA,NA,NA,NA,46205,"North",0,50,50,6
"294","821-37*1",NA,NA,NA,NA,NA,NA,NA,NA,NA,46205,"North",25,41,34,6
"295","850-55*1",NA,NA,NA,NA,NA,NA,NA,NA,NA,46205,"North",26,74,0,5
"296","166-U*2",NA,NA,NA,NA,NA,NA,NA,NA,NA,46205,"North",0,20,80,7
"297","567-32*3",NA,NA,NA,NA,NA,NA,NA,NA,NA,46205,"North",0,0,10000,9
"298","2122-23*1",NA,NA,NA,NA,NA,NA,NA,NA,NA,46205,"North",15,83,2,5
"299","225-79*1",NA,NA,NA,NA,NA,NA,NA,NA,NA,46205,"East",0,7,93,8
"300","225-79*4",NA,NA,NA,NA,NA,NA,NA,NA,NA,46205,"East",0,43,57,6
"301","225-79*3",NA,NA,NA,NA,NA,NA,NA,NA,NA,46205,"East",14,14,72,7
"302","225-79*6",NA,NA,NA,NA,NA,NA,NA,NA,NA,46205,"East",3,72,25,5
"303","473-85*1",NA,NA,NA,NA,NA,NA,NA,NA,NA,46205,"East",16,36,48,6
"304","166-U*3",NA,NA,NA,NA,NA,NA,NA,NA,NA,46205,"East",100,0,0,1
"305","283-95*1",NA,NA,NA,NA,NA,NA,NA,NA,NA,46205,"East",0,0,0,NA
"306","194-94*1",NA,NA,NA,NA,NA,NA,NA,NA,NA,46205,"East",1,45,54,6
"307","821-37*1",NA,NA,NA,NA,NA,NA,NA,NA,NA,46205,"East",38,51,11,5
"308","850-55*1",NA,NA,NA,NA,NA,NA,NA,NA,NA,46205,"East",93,7,0,2
"309","166-U*2",NA,NA,NA,NA,NA,NA,NA,NA,NA,46205,"East",100,0,0,1
"310","567-32*3",NA,NA,NA,NA,NA,NA,NA,NA,NA,46205,"East",0,0,100,9
"311","2122-23*1",NA,NA,NA,NA,NA,NA,NA,NA,NA,46205,"East",10,78,12,5
"312","225-79*1",NA,NA,NA,NA,NA,NA,NA,NA,NA,46205,"South",0,13,87,8
"313","225-79*4",NA,NA,NA,NA,NA,NA,NA,NA,NA,46205,"South",0,0,0,NA
"314","225-79*3",NA,NA,NA,NA,NA,NA,NA,NA,NA,46205,"South",0,0,100,9
"315","225-79*6",NA,NA,NA,NA,NA,NA,NA,NA,NA,46205,"South",13,79,8,5
"316","473-85*1",NA,NA,NA,NA,NA,NA,NA,NA,NA,46205,"South",12,28,60,6
"317","166-U*3",NA,NA,NA,NA,NA,NA,NA,NA,NA,46205,"South",14,86,0,5
"318","283-95*1",NA,NA,NA,NA,NA,NA,NA,NA,NA,46205,"South",0,0,0,NA
"319","194-94*1",NA,NA,NA,NA,NA,NA,NA,NA,NA,46205,"South",0,0,0,NA
"320","821-37*1",NA,NA,NA,NA,NA,NA,NA,NA,NA,46205,"South",9,69,22,5
"321","850-55*1",NA,NA,NA,NA,NA,NA,NA,NA,NA,46205,"South",7,84,9,5
"322","166-U*2",NA,NA,NA,NA,NA,NA,NA,NA,NA,46205,"South",0,7,93,8
"323","567-32*3",NA,NA,NA,NA,NA,NA,NA,NA,NA,46205,"South",0,0,100,9
"324","2122-23*1",NA,NA,NA,NA,NA,NA,NA,NA,NA,46205,"South",5,65,30,5
"325","225-79*1",NA,NA,NA,NA,NA,NA,NA,NA,NA,46205,"West",0,0,0,NA
"326","225-79*4",NA,NA,NA,NA,NA,NA,NA,NA,NA,46205,"West",0,50,50,6
"327","225-79*3",NA,NA,NA,NA,NA,NA,NA,NA,NA,46205,"West",0,18,82,8
"328","225-79*6",NA,NA,NA,NA,NA,NA,NA,NA,NA,46205,"West",3,72,25,5
"329","473-85*1",NA,NA,NA,NA,NA,NA,NA,NA,NA,46205,"West",1,13,86,8
"330","166-U*3",NA,NA,NA,NA,NA,NA,NA,NA,NA,46205,"West",14,86,0,5
"331","283-95*1",NA,NA,NA,NA,NA,NA,NA,NA,NA,46205,"West",0,0,0,NA
"332","194-94*1",NA,NA,NA,NA,NA,NA,NA,NA,NA,46205,"West",0,0,0,NA
"333","821-37*1",NA,NA,NA,NA,NA,NA,NA,NA,NA,46205,"West",18,66,16,5
"334","850-55*1",NA,NA,NA,NA,NA,NA,NA,NA,NA,46205,"West",3,84,13,5
"335","166-U*2",NA,NA,NA,NA,NA,NA,NA,NA,NA,46205,"West",0,3,97,9
"336","567-32*3",NA,NA,NA,NA,NA,NA,NA,NA,NA,46205,"West",0,0,100,9
"337","2122-23*1",NA,NA,NA,NA,NA,NA,NA,NA,NA,46205,"West",8,65,27,5
"338","225-79*1",NA,NA,NA,NA,NA,NA,NA,NA,NA,46209,"North",0,0,0,NA
"339","225-79*4",NA,NA,NA,NA,NA,NA,NA,NA,NA,46209,"North",0,0,0,NA
"340","225-79*3",NA,NA,NA,NA,NA,NA,NA,NA,NA,46209,"North",0,0,0,NA
"341","225-79*6",NA,NA,NA,NA,NA,NA,NA,NA,NA,46209,"North",0,18,82,8
"342","473-85*1",NA,NA,NA,NA,NA,NA,NA,NA,NA,46209,"North",0,27,73,7
"343","166-U*3",NA,NA,NA,NA,NA,NA,NA,NA,NA,46209,"North",9,51,40,6
"344","283-95*1",NA,NA,NA,NA,NA,NA,NA,NA,NA,46209,"North",0,0,0,NA
"345","194-94*1",NA,NA,NA,NA,NA,NA,NA,NA,NA,46209,"North",0,0,0,NA
"346","821-37*1",NA,NA,NA,NA,NA,NA,NA,NA,NA,46209,"North",4,45,51,6
"347","850-55*1",NA,NA,NA,NA,NA,NA,NA,NA,NA,46209,"North",7,14,79,7
"348","166-U*2",NA,NA,NA,NA,NA,NA,NA,NA,NA,46209,"North",0,9,91,8
"349","567-32*3",NA,NA,NA,NA,NA,NA,NA,NA,NA,46209,"North",0,0,100,9
"350","2122-23*1",NA,NA,NA,NA,NA,NA,NA,NA,NA,46209,"East",0,10,90,8
"351","225-79*1",NA,NA,NA,NA,NA,NA,NA,NA,NA,46209,"East",0,0,100,9
"352","225-79*4",NA,NA,NA,NA,NA,NA,NA,NA,NA,46209,"East",0,0,100,9
"353","225-79*3",NA,NA,NA,NA,NA,NA,NA,NA,NA,46209,"East",0,0,100,9
"354","225-79*6",NA,NA,NA,NA,NA,NA,NA,NA,NA,46209,"East",0,11,89,8
"355","473-85*1",NA,NA,NA,NA,NA,NA,NA,NA,NA,46209,"East",2,9,89,8
"356","166-U*3",NA,NA,NA,NA,NA,NA,NA,NA,NA,46209,"East",7,26,67,7
"357","283-95*1",NA,NA,NA,NA,NA,NA,NA,NA,NA,46209,"East",0,0,0,NA
"358","194-94*1",NA,NA,NA,NA,NA,NA,NA,NA,NA,46209,"East",1,5,94,8
"359","821-37*1",NA,NA,NA,NA,NA,NA,NA,NA,NA,46209,"East",18,38,44,6
"360","850-55*1",NA,NA,NA,NA,NA,NA,NA,NA,NA,46209,"East",0,14,86,8
"361","166-U*2",NA,NA,NA,NA,NA,NA,NA,NA,NA,46209,"East",0,1,99,9
"362","567-32*3",NA,NA,NA,NA,NA,NA,NA,NA,NA,46209,"East",0,0,100,9
"363","2122-23*1",NA,NA,NA,NA,NA,NA,NA,NA,NA,46209,"East",0,18,82,8
"364","225-79*1",NA,NA,NA,NA,NA,NA,NA,NA,NA,46209,"South",0,0,100,9
"365","225-79*4",NA,NA,NA,NA,NA,NA,NA,NA,NA,46209,"South",0,0,0,NA
"366","225-79*3",NA,NA,NA,NA,NA,NA,NA,NA,NA,46209,"South",0,0,100,9
"367","225-79*6",NA,NA,NA,NA,NA,NA,NA,NA,NA,46209,"South",2,60,38,6
"368","473-85*1",NA,NA,NA,NA,NA,NA,NA,NA,NA,46209,"South",2,8,90,8
"369","166-U*3",NA,NA,NA,NA,NA,NA,NA,NA,NA,46209,"South",13,18,69,7
"370","283-95*1",NA,NA,NA,NA,NA,NA,NA,NA,NA,46209,"South",0,0,0,NA
"371","194-94*1",NA,NA,NA,NA,NA,NA,NA,NA,NA,46209,"South",0,0,0,NA
"372","821-37*1",NA,NA,NA,NA,NA,NA,NA,NA,NA,46209,"South",7,13,80,7
"373","850-55*1",NA,NA,NA,NA,NA,NA,NA,NA,NA,46209,"South",0,15,85,8
"374","166-U*2",NA,NA,NA,NA,NA,NA,NA,NA,NA,46209,"South",0,2,98,9
"375","567-32*3",NA,NA,NA,NA,NA,NA,NA,NA,NA,46209,"South",0,0,100,9
"376","2122-23*1",NA,NA,NA,NA,NA,NA,NA,NA,NA,46209,"South",1,15,84,8
"377","225-79*1",NA,NA,NA,NA,NA,NA,NA,NA,NA,46209,"West",0,0,100,9
"378","225-79*4",NA,NA,NA,NA,NA,NA,NA,NA,NA,46209,"West",0,0,100,9
"379","225-79*3",NA,NA,NA,NA,NA,NA,NA,NA,NA,46209,"West",0,0,100,9
"380","225-79*6",NA,NA,NA,NA,NA,NA,NA,NA,NA,46209,"West",0,25,75,7
"381","473-85*1",NA,NA,NA,NA,NA,NA,NA,NA,NA,46209,"West",2,3,95,9
"382","166-U*3",NA,NA,NA,NA,NA,NA,NA,NA,NA,46209,"West",15,55,30,5
"383","283-95*1",NA,NA,NA,NA,NA,NA,NA,NA,NA,46209,"West",0,0,0,NA
"384","194-94*1",NA,NA,NA,NA,NA,NA,NA,NA,NA,46209,"West",0,0,0,NA
"385","821-37*1",NA,NA,NA,NA,NA,NA,NA,NA,NA,46209,"West",24,31,45,6
"386","850-55*1",NA,NA,NA,NA,NA,NA,NA,NA,NA,46209,"West",11,7,82,8
"387","166-U*2",NA,NA,NA,NA,NA,NA,NA,NA,NA,46209,"West",0,6,94,8
"388","567-32*3",NA,NA,NA,NA,NA,NA,NA,NA,NA,46209,"West",0,0,100,9
"389","2122-23*1",NA,NA,NA,NA,NA,NA,NA,NA,NA,46209,"West",6,29,65,7
"390","225-79*1",NA,NA,NA,NA,NA,NA,NA,NA,NA,46213,"North",0,0,100,9
"391","225-79*4",NA,NA,NA,NA,NA,NA,NA,NA,NA,46213,"North",0,0,100,9
"392","225-79*3",NA,NA,NA,NA,NA,NA,NA,NA,NA,46213,"North",0,0,100,9
"393","225-79*6",NA,NA,NA,NA,NA,NA,NA,NA,NA,46213,"North",0,11,89,8
"394","473-85*1",NA,NA,NA,NA,NA,NA,NA,NA,NA,46213,"North",0,4,96,9
"395","166-U*3",NA,NA,NA,NA,NA,NA,NA,NA,NA,46213,"North",2,22,76,7
"396","283-95*1",NA,NA,NA,NA,NA,NA,NA,NA,NA,46213,"North",0,0,0,NA
"397","194-94*1",NA,NA,NA,NA,NA,NA,NA,NA,NA,46213,"North",0,0,0,NA
"398","821-37*1",NA,NA,NA,NA,NA,NA,NA,NA,NA,46213,"North",0,17,83,8
"399","850-55*1",NA,NA,NA,NA,NA,NA,NA,NA,NA,46213,"North",0,1,99,9
"400","166-U*2",NA,NA,NA,NA,NA,NA,NA,NA,NA,46213,"North",1,1,98,9
"401","567-32*3",NA,NA,NA,NA,NA,NA,NA,NA,NA,46213,"North",0,0,100,9
"402","2122-23*1",NA,NA,NA,NA,NA,NA,NA,NA,NA,46213,"North",0,0,100,9
"403","225-79*1",NA,NA,NA,NA,NA,NA,NA,NA,NA,46213,"East",0,0,100,9
"404","225-79*4",NA,NA,NA,NA,NA,NA,NA,NA,NA,46213,"East",0,0,100,9
"405","225-79*3",NA,NA,NA,NA,NA,NA,NA,NA,NA,46213,"East",0,0,100,9
"406","225-79*6",NA,NA,NA,NA,NA,NA,NA,NA,NA,46213,"East",0,0,100,9
"407","473-85*1",NA,NA,NA,NA,NA,NA,NA,NA,NA,46213,"East",2,4,94,8
"408","166-U*3",NA,NA,NA,NA,NA,NA,NA,NA,NA,46213,"East",0,32,68,7
"409","283-95*1",NA,NA,NA,NA,NA,NA,NA,NA,NA,46213,"East",0,0,0,NA
"410","194-94*1",NA,NA,NA,NA,NA,NA,NA,NA,NA,46213,"East",0,0,100,9
"411","821-37*1",NA,NA,NA,NA,NA,NA,NA,NA,NA,46213,"East",2,8,90,8
"412","850-55*1",NA,NA,NA,NA,NA,NA,NA,NA,NA,46213,"East",0,0,100,9
"413","166-U*2",NA,NA,NA,NA,NA,NA,NA,NA,NA,46213,"East",0,0,100,9
"414","567-32*3",NA,NA,NA,NA,NA,NA,NA,NA,NA,46213,"East",0,0,100,9
"415","2122-23*1",NA,NA,NA,NA,NA,NA,NA,NA,NA,46213,"East",0,2,98,9
"416","225-79*1",NA,NA,NA,NA,NA,NA,NA,NA,NA,46213,"South",0,0,100,9
"417","225-79*4",NA,NA,NA,NA,NA,NA,NA,NA,NA,46213,"South",0,0,100,9
"418","225-79*3",NA,NA,NA,NA,NA,NA,NA,NA,NA,46213,"South",0,0,100,9
"419","225-79*6",NA,NA,NA,NA,NA,NA,NA,NA,NA,46213,"South",0,0,100,9
"420","473-85*1",NA,NA,NA,NA,NA,NA,NA,NA,NA,46213,"South",2,5,93,8
"421","166-U*3",NA,NA,NA,NA,NA,NA,NA,NA,NA,46213,"South",0,23,77,7
"422","283-95*1",NA,NA,NA,NA,NA,NA,NA,NA,NA,46213,"South",0,0,0,NA
"423","194-94*1",NA,NA,NA,NA,NA,NA,NA,NA,NA,46213,"South",0,0,100,9
"424","821-37*1",NA,NA,NA,NA,NA,NA,NA,NA,NA,46213,"South",0,7,93,8
"425","850-55*1",NA,NA,NA,NA,NA,NA,NA,NA,NA,46213,"South",0,0,100,9
"426","166-U*2",NA,NA,NA,NA,NA,NA,NA,NA,NA,46213,"South",0,0,100,9
"427","567-32*3",NA,NA,NA,NA,NA,NA,NA,NA,NA,46213,"South",0,0,100,9
"428","2122-23*1",NA,NA,NA,NA,NA,NA,NA,NA,NA,46213,"South",0,11,89,8
"429","225-79*1",NA,NA,NA,NA,NA,NA,NA,NA,NA,46213,"West",0,0,100,9
"430","225-79*4",NA,NA,NA,NA,NA,NA,NA,NA,NA,46213,"West",0,0,100,9
"431","225-79*3",NA,NA,NA,NA,NA,NA,NA,NA,NA,46213,"West",0,0,100,9
"432","225-79*6",NA,NA,NA,NA,NA,NA,NA,NA,NA,46213,"West",0,0,100,9
"433","473-85*1",NA,NA,NA,NA,NA,NA,NA,NA,NA,46213,"West",0,0,100,9
"434","166-U*3",NA,NA,NA,NA,NA,NA,NA,NA,NA,46213,"West",0,32,68,7
"435","283-95*1",NA,NA,NA,NA,NA,NA,NA,NA,NA,46213,"West",0,0,0,NA
"436","194-94*1",NA,NA,NA,NA,NA,NA,NA,NA,NA,46213,"West",0,0,0,NA
"437","821-37*1",NA,NA,NA,NA,NA,NA,NA,NA,NA,46213,"West",0,0,100,9
"438","850-55*1",NA,NA,NA,NA,NA,NA,NA,NA,NA,46213,"West",4,11,85,8
"439","166-U*2",NA,NA,NA,NA,NA,NA,NA,NA,NA,46213,"West",0,0,100,9
"440","567-32*3",NA,NA,NA,NA,NA,NA,NA,NA,NA,46213,"West",0,0,100,9
"441","2122-23*1",NA,NA,NA,NA,NA,NA,NA,NA,NA,46213,"West",0,11,89,8
