"","PlantNumber","Taxon","Vernacular","ProvenanceType","DonorInstitute","PrincipalCollector","BgLocation","GardenGrid","GardenSubGrid","CommemorationText","Shade","Canopy.Cover","Date","Direction","Percent.Buds","Percent.Flowers","Percent.Fruit","Phenophase","doy"
"1","225-79*1","Tilia americana L.","American Basswood","Wild","MORTON-STAFF","Schulenberg, RF","Midwest","J-59","95-66",NA,"N/A","N/A",46177,"N/A",100,0,0,1,157
"2","225-79*4","Tilia americana L.","American Basswood","Wild","MORTON-STAFF","Schulenberg, RF","Midwest","K-59","30-36",NA,"T","F",46177,"N/A",0,0,0,NA,157
"3","225-79*3","Tilia americana L.","American Basswood","Wild","MORTON-STAFF","Schulenberg, RF","Midwest","K-59","46341",NA,"T","T",46177,"N/A",0,0,0,NA,157
"4","225-79*6","Tilia americana L.","American Basswood","Wild","MORTON-STAFF","Schulenberg, RF","Tilia","Z-54","83-64","in river buffer","N/A","F",46177,"N/A",0,0,0,NA,157
"5","473-85*1","Tilia americana var. americana","American Basswood","Garden","MATT TURES SONS N.","n/a","Firefly Pond","G-45","10-80","In Memory of Chris Krick","N/A","N/A",46177,"N/A",100,0,0,1,157
"6","166-U*3","Tilia americana var. americana","American Basswood","Unknown","UNKNOWN","n/a","Thornhill South Lawn","II-27","85-05","In Memory of Chris Krick","N/A","F",46177,"N/A",100,0,0,1,157
"7","283-95*1","Tilia americana var. americana","American Basswood","Garden","KLEHM N.","n/a","Thornhill Parking","MM-24","78-45",NA,"N/A","N/A",46177,"N/A",100,0,0,1,157
"8","194-94*1","Tilia americana var. americana","American Basswood","Garden","KLEHM N.","n/a","Thornhill Parking","NN-24","88-71","Mary R. Crossman
 1911 - 2007
 Beloved mother and grandmother.
 Lover of nature, arts and 
 an occasional scotch.","N/A","N/A",46177,"N/A",100,0,0,1,157
"9","821-37*1","Tilia americana var. americana","American Basswood","Garden","HESSE N.","n/a","Tilia","W-56","95-19",NA,"N/A","N/A",46177,"N/A",0,0,0,NA,157
"10","850-55*1","Tilia americana var. americana","American Basswood","Garden","MORTON","n/a","Tilia","X-56","94-67",NA,"N/A","N/A",46177,"N/A",100,0,0,1,157
"11","166-U*2","Tilia americana var. americana","American Basswood","Unknown","UNKNOWN","n/a","Anacardiaceae","X-59","90-10",NA,"N/A","N/A",46177,"N/A",100,0,0,1,157
"12","2122-23*1","Tilia americana var. americana","American Basswood","Garden","OTTAWA CENT. EXP. FARM","n/a","Tilia","Y-56","32-85",NA,"N/A","F",46177,"N/A",100,0,0,1,157
"13","225-79*1",NA,NA,NA,NA,NA,NA,NA,NA,NA,"N/A","N/A",46185,"N/A",100,0,0,1,165
"14","225-79*4",NA,NA,NA,NA,NA,NA,NA,NA,NA,"T","F",46185,"N/A",0,0,0,NA,165
"15","225-79*3",NA,NA,NA,NA,NA,NA,NA,NA,NA,"T","T",46185,"N/A",0,0,0,NA,165
"16","225-79*6",NA,NA,NA,NA,NA,NA,NA,NA,NA,"N/A","F",46185,"N/A",100,0,0,1,165
"17","473-85*1",NA,NA,NA,NA,NA,NA,NA,NA,NA,"N/A","N/A",46185,"N/A",100,0,0,1,165
"18","166-U*3",NA,NA,NA,NA,NA,NA,NA,NA,NA,"N/A","F",46185,"N/A",100,0,0,1,165
"19","283-95*1",NA,NA,NA,NA,NA,NA,NA,NA,NA,"N/A","N/A",46185,"N/A",0,0,0,NA,165
"20","194-94*1",NA,NA,NA,NA,NA,NA,NA,NA,NA,"N/A","N/A",46185,"N/A",100,0,0,1,165
"21","821-37*1",NA,NA,NA,NA,NA,NA,NA,NA,NA,"N/A","N/A",46185,"N/A",100,0,0,1,165
"22","850-55*1",NA,NA,NA,NA,NA,NA,NA,NA,NA,"N/A","N/A",46185,"N/A",99,1,0,1,165
"23","166-U*2",NA,NA,NA,NA,NA,NA,NA,NA,NA,"N/A","N/A",46185,"N/A",99,1,0,1,165
"24","567-32*3",NA,NA,NA,NA,NA,NA,NA,NA,NA,"F","F",46185,"N/A",28,54,18,4,165
"25","2122-23*1",NA,NA,NA,NA,NA,NA,NA,NA,NA,"N/A","F",46185,"N/A",100,0,0,1,165
"26","225-79*1",NA,NA,NA,NA,NA,NA,NA,NA,NA,"T","F",46188,"North",0,0,0,NA,168
"27","225-79*4",NA,NA,NA,NA,NA,NA,NA,NA,NA,"T","F",46188,"North",0,0,0,NA,168
"28","225-79*3",NA,NA,NA,NA,NA,NA,NA,NA,NA,"T","T",46188,"North",0,0,0,NA,168
"29","225-79*6",NA,NA,NA,NA,NA,NA,NA,NA,NA,"T","F",46188,"North",100,0,0,1,168
"30","473-85*1",NA,NA,NA,NA,NA,NA,NA,NA,NA,"F","F",46188,"North",100,0,0,1,168
"31","166-U*3",NA,NA,NA,NA,NA,NA,NA,NA,NA,"F","F",46188,"North",100,0,0,1,168
"32","283-95*1",NA,NA,NA,NA,NA,NA,NA,NA,NA,"N/A","N/A",46188,"North",0,0,0,NA,168
"33","194-94*1",NA,NA,NA,NA,NA,NA,NA,NA,NA,"F","F",46188,"North",97,3,0,1,168
"34","821-37*1",NA,NA,NA,NA,NA,NA,NA,NA,NA,"F","F",46188,"North",0,0,0,NA,168
"35","850-55*1",NA,NA,NA,NA,NA,NA,NA,NA,NA,"F","F",46188,"North",0,0,0,NA,168
"36","166-U*2",NA,NA,NA,NA,NA,NA,NA,NA,NA,"F","F",46188,"North",0,0,0,NA,168
"37","567-32*3",NA,NA,NA,NA,NA,NA,NA,NA,NA,"F","F",46188,"North",35,59,6,3,168
"38","2122-23*1",NA,NA,NA,NA,NA,NA,NA,NA,NA,"F","F",46188,"North",100,0,0,1,168
"39","225-79*1",NA,NA,NA,NA,NA,NA,NA,NA,NA,"F","F",46188,"East",100,0,0,1,168
"40","225-79*4",NA,NA,NA,NA,NA,NA,NA,NA,NA,"T","F",46188,"East",0,0,0,NA,168
"41","225-79*3",NA,NA,NA,NA,NA,NA,NA,NA,NA,"T","T",46188,"East",0,0,0,NA,168
"42","225-79*6",NA,NA,NA,NA,NA,NA,NA,NA,NA,"F","F",46188,"East",100,0,0,1,168
"43","473-85*1",NA,NA,NA,NA,NA,NA,NA,NA,NA,"F","F",46188,"East",97,3,0,1,168
"44","166-U*3",NA,NA,NA,NA,NA,NA,NA,NA,NA,"T","F",46188,"East",100,0,0,1,168
"45","283-95*1",NA,NA,NA,NA,NA,NA,NA,NA,NA,"N/A","N/A",46188,"East",0,0,0,NA,168
"46","194-94*1",NA,NA,NA,NA,NA,NA,NA,NA,NA,"F","F",46188,"East",100,0,0,1,168
"47","821-37*1",NA,NA,NA,NA,NA,NA,NA,NA,NA,"F","F",46188,"East",100,0,0,1,168
"48","850-55*1",NA,NA,NA,NA,NA,NA,NA,NA,NA,"T","T",46188,"East",100,0,0,1,168
"49","166-U*2",NA,NA,NA,NA,NA,NA,NA,NA,NA,"T","T",46188,"East",100,0,0,1,168
"50","567-32*3",NA,NA,NA,NA,NA,NA,NA,NA,NA,"F","F",46188,"East",40,58,2,3,168
"51","2122-23*1",NA,NA,NA,NA,NA,NA,NA,NA,NA,"T","F",46188,"East",100,0,0,1,168
"52","225-79*1",NA,NA,NA,NA,NA,NA,NA,NA,NA,"F","F",46188,"South",0,0,0,NA,168
"53","225-79*4",NA,NA,NA,NA,NA,NA,NA,NA,NA,"T","F",46188,"South",0,0,0,NA,168
"54","225-79*3",NA,NA,NA,NA,NA,NA,NA,NA,NA,"T","T",46188,"South",0,0,0,NA,168
"55","225-79*6",NA,NA,NA,NA,NA,NA,NA,NA,NA,"T","F",46188,"South",100,0,0,1,168
"56","473-85*1",NA,NA,NA,NA,NA,NA,NA,NA,NA,"F","F",46188,"South",100,0,0,1,168
"57","166-U*3",NA,NA,NA,NA,NA,NA,NA,NA,NA,"F","F",46188,"South",100,0,0,1,168
"58","283-95*1",NA,NA,NA,NA,NA,NA,NA,NA,NA,"N/A","N/A",46188,"South",0,0,0,NA,168
"59","194-94*1",NA,NA,NA,NA,NA,NA,NA,NA,NA,"T","T",46188,"South",100,0,0,1,168
"60","821-37*1",NA,NA,NA,NA,NA,NA,NA,NA,NA,"T","T",46188,"South",100,0,0,1,168
"61","850-55*1",NA,NA,NA,NA,NA,NA,NA,NA,NA,"T","F",46188,"South",100,0,0,1,168
"62","166-U*2",NA,NA,NA,NA,NA,NA,NA,NA,NA,"F","F",46188,"South",100,0,0,1,168
"63","567-32*3",NA,NA,NA,NA,NA,NA,NA,NA,NA,"F","F",46188,"South",19,81,0,5,168
"64","2122-23*1",NA,NA,NA,NA,NA,NA,NA,NA,NA,"T","F",46188,"South",100,0,0,1,168
"65","225-79*1",NA,NA,NA,NA,NA,NA,NA,NA,NA,"T","T",46188,"West",0,0,0,NA,168
"66","225-79*4",NA,NA,NA,NA,NA,NA,NA,NA,NA,"T","F",46188,"West",0,0,0,NA,168
"67","225-79*3",NA,NA,NA,NA,NA,NA,NA,NA,NA,"T","T",46188,"West",0,0,0,NA,168
"68","225-79*6",NA,NA,NA,NA,NA,NA,NA,NA,NA,"F","F",46188,"West",100,0,0,1,168
"69","473-85*1",NA,NA,NA,NA,NA,NA,NA,NA,NA,"T","T",46188,"West",100,0,0,1,168
"70","166-U*3",NA,NA,NA,NA,NA,NA,NA,NA,NA,"T","F",46188,"West",100,0,0,1,168
"71","283-95*1",NA,NA,NA,NA,NA,NA,NA,NA,NA,"N/A","N/A",46188,"West",0,0,0,NA,168
"72","194-94*1",NA,NA,NA,NA,NA,NA,NA,NA,NA,"T","T",46188,"West",0,0,0,NA,168
"73","821-37*1",NA,NA,NA,NA,NA,NA,NA,NA,NA,"F","F",46188,"West",0,0,0,NA,168
"74","850-55*1",NA,NA,NA,NA,NA,NA,NA,NA,NA,"F","F",46188,"West",0,0,0,NA,168
"75","166-U*2",NA,NA,NA,NA,NA,NA,NA,NA,NA,"F","F",46188,"West",0,0,0,NA,168
"76","567-32*3",NA,NA,NA,NA,NA,NA,NA,NA,NA,"F","F",46188,"West",38,60,2,3,168
"77","2122-23*1",NA,NA,NA,NA,NA,NA,NA,NA,NA,"T","F",46188,"West",100,0,0,1,168
"78","225-79*1",NA,NA,NA,NA,NA,NA,NA,NA,NA,"T","F",46191,"North",0,0,0,NA,171
"79","225-79*4",NA,NA,NA,NA,NA,NA,NA,NA,NA,"T","F",46191,"North",0,0,0,NA,171
"80","225-79*3",NA,NA,NA,NA,NA,NA,NA,NA,NA,"T","T",46191,"North",0,0,0,NA,171
"81","225-79*6",NA,NA,NA,NA,NA,NA,NA,NA,NA,"T","F",46191,"North",100,0,0,1,171
"82","473-85*1",NA,NA,NA,NA,NA,NA,NA,NA,NA,"F","F",46191,"North",98,2,0,1,171
"83","166-U*3",NA,NA,NA,NA,NA,NA,NA,NA,NA,"F","F",46191,"North",100,0,0,1,171
"84","283-95*1",NA,NA,NA,NA,NA,NA,NA,NA,NA,"N/A","N/A",46191,"North",0,0,0,NA,171
"85","194-94*1",NA,NA,NA,NA,NA,NA,NA,NA,NA,"F","F",46191,"North",96,4,0,1,171
"86","821-37*1",NA,NA,NA,NA,NA,NA,NA,NA,NA,"F","F",46191,"North",100,0,0,1,171
"87","850-55*1",NA,NA,NA,NA,NA,NA,NA,NA,NA,"F","F",46191,"North",100,0,0,1,171
"88","166-U*2",NA,NA,NA,NA,NA,NA,NA,NA,NA,"F","F",46191,"North",100,0,0,1,171
"89","567-32*3",NA,NA,NA,NA,NA,NA,NA,NA,NA,"F","F",46191,"North",5,66,29,6,171
"90","2122-23*1",NA,NA,NA,NA,NA,NA,NA,NA,NA,"F","F",46191,"North",100,0,0,1,171
"91","225-79*1",NA,NA,NA,NA,NA,NA,NA,NA,NA,"F","F",46191,"East",95,5,0,1,171
"92","225-79*4",NA,NA,NA,NA,NA,NA,NA,NA,NA,"T","F",46191,"East",0,0,0,NA,171
"93","225-79*3",NA,NA,NA,NA,NA,NA,NA,NA,NA,"T","T",46191,"East",0,0,0,NA,171
"94","225-79*6",NA,NA,NA,NA,NA,NA,NA,NA,NA,"F","F",46191,"East",100,0,0,1,171
"95","473-85*1",NA,NA,NA,NA,NA,NA,NA,NA,NA,"F","F",46191,"East",98,2,0,1,171
"96","166-U*3",NA,NA,NA,NA,NA,NA,NA,NA,NA,"T","F",46191,"East",100,0,0,1,171
"97","283-95*1",NA,NA,NA,NA,NA,NA,NA,NA,NA,"N/A","N/A",46191,"East",0,0,0,NA,171
"98","194-94*1",NA,NA,NA,NA,NA,NA,NA,NA,NA,"F","F",46191,"East",100,0,0,1,171
"99","821-37*1",NA,NA,NA,NA,NA,NA,NA,NA,NA,"F","F",46191,"East",100,0,0,1,171
"100","850-55*1",NA,NA,NA,NA,NA,NA,NA,NA,NA,"T","T",46191,"East",100,0,0,1,171
"101","166-U*2",NA,NA,NA,NA,NA,NA,NA,NA,NA,"T","T",46191,"East",100,0,0,1,171
"102","567-32*3",NA,NA,NA,NA,NA,NA,NA,NA,NA,"F","F",46191,"East",77,23,0,2,171
"103","2122-23*1",NA,NA,NA,NA,NA,NA,NA,NA,NA,"T","F",46191,"East",100,0,0,1,171
"104","225-79*1",NA,NA,NA,NA,NA,NA,NA,NA,NA,"F","F",46191,"South",100,0,0,1,171
"105","225-79*4",NA,NA,NA,NA,NA,NA,NA,NA,NA,"T","F",46191,"South",0,0,0,NA,171
"106","225-79*3",NA,NA,NA,NA,NA,NA,NA,NA,NA,"T","T",46191,"South",53,47,0,3,171
"107","225-79*6",NA,NA,NA,NA,NA,NA,NA,NA,NA,"T","F",46191,"South",100,0,0,1,171
"108","473-85*1",NA,NA,NA,NA,NA,NA,NA,NA,NA,"F","F",46191,"South",100,0,0,1,171
"109","166-U*3",NA,NA,NA,NA,NA,NA,NA,NA,NA,"F","F",46191,"South",100,0,0,1,171
"110","283-95*1",NA,NA,NA,NA,NA,NA,NA,NA,NA,"N/A","N/A",46191,"South",0,0,0,NA,171
"111","194-94*1",NA,NA,NA,NA,NA,NA,NA,NA,NA,"T","T",46191,"South",100,0,0,1,171
"112","821-37*1",NA,NA,NA,NA,NA,NA,NA,NA,NA,"T","T",46191,"South",100,0,0,1,171
"113","850-55*1",NA,NA,NA,NA,NA,NA,NA,NA,NA,"T","F",46191,"South",100,0,0,1,171
"114","166-U*2",NA,NA,NA,NA,NA,NA,NA,NA,NA,"F","F",46191,"South",100,0,0,1,171
"115","567-32*3",NA,NA,NA,NA,NA,NA,NA,NA,NA,"F","F",46191,"South",15,85,0,5,171
"116","2122-23*1",NA,NA,NA,NA,NA,NA,NA,NA,NA,"T","F",46191,"South",100,0,0,1,171
"117","225-79*1",NA,NA,NA,NA,NA,NA,NA,NA,NA,"T","T",46191,"West",0,0,0,NA,171
"118","225-79*4",NA,NA,NA,NA,NA,NA,NA,NA,NA,"T","F",46191,"West",0,0,0,NA,171
"119","225-79*3",NA,NA,NA,NA,NA,NA,NA,NA,NA,"T","T",46191,"West",65,35,0,2,171
"120","225-79*6",NA,NA,NA,NA,NA,NA,NA,NA,NA,"F","F",46191,"West",100,0,0,1,171
"121","473-85*1",NA,NA,NA,NA,NA,NA,NA,NA,NA,"T","T",46191,"West",100,0,0,1,171
"122","166-U*3",NA,NA,NA,NA,NA,NA,NA,NA,NA,"T","F",46191,"West",100,0,0,1,171
"123","283-95*1",NA,NA,NA,NA,NA,NA,NA,NA,NA,"N/A","N/A",46191,"West",0,0,0,NA,171
"124","194-94*1",NA,NA,NA,NA,NA,NA,NA,NA,NA,"T","T",46191,"West",0,0,0,NA,171
"125","821-37*1",NA,NA,NA,NA,NA,NA,NA,NA,NA,"F","F",46191,"West",100,0,0,1,171
"126","850-55*1",NA,NA,NA,NA,NA,NA,NA,NA,NA,"F","F",46191,"West",100,0,0,1,171
"127","166-U*2",NA,NA,NA,NA,NA,NA,NA,NA,NA,"F","F",46191,"West",100,0,0,1,171
"128","567-32*3",NA,NA,NA,NA,NA,NA,NA,NA,NA,"F","F",46191,"West",8,70,22,6,171
"129","2122-23*1",NA,NA,NA,NA,NA,NA,NA,NA,NA,"T","F",46191,"West",100,0,0,1,171
"130","225-79*1",NA,NA,NA,NA,NA,NA,NA,NA,NA,"T","F",46195,"North",0,0,0,NA,175
"131","225-79*4",NA,NA,NA,NA,NA,NA,NA,NA,NA,"T","F",46195,"North",0,0,0,NA,175
"132","225-79*3",NA,NA,NA,NA,NA,NA,NA,NA,NA,"T","T",46195,"North",0,0,0,NA,175
"133","225-79*6",NA,NA,NA,NA,NA,NA,NA,NA,NA,"T","F",46195,"North",99,1,0,1,175
"134","473-85*1",NA,NA,NA,NA,NA,NA,NA,NA,NA,"F","F",46195,"North",83,17,0,2,175
"135","166-U*3",NA,NA,NA,NA,NA,NA,NA,NA,NA,"F","F",46195,"North",100,0,0,1,175
"136","283-95*1",NA,NA,NA,NA,NA,NA,NA,NA,NA,"N/A","N/A",46195,"North",0,0,0,NA,175
"137","194-94*1",NA,NA,NA,NA,NA,NA,NA,NA,NA,"F","F",46195,"North",0,0,0,NA,175
"138","821-37*1",NA,NA,NA,NA,NA,NA,NA,NA,NA,"F","F",46195,"North",100,0,0,1,175
"139","850-55*1",NA,NA,NA,NA,NA,NA,NA,NA,NA,"F","F",46195,"North",93,7,0,1,175
"140","166-U*2",NA,NA,NA,NA,NA,NA,NA,NA,NA,"F","F",46195,"North",62,38,0,2,175
"141","567-32*3",NA,NA,NA,NA,NA,NA,NA,NA,NA,"F","F",46195,"North",0,8,92,9,175
"142","2122-23*1",NA,NA,NA,NA,NA,NA,NA,NA,NA,"F","F",46195,"North",79,21,0,2,175
"143","225-79*1",NA,NA,NA,NA,NA,NA,NA,NA,NA,"F","F",46195,"East",71,29,0,2,175
"144","225-79*4",NA,NA,NA,NA,NA,NA,NA,NA,NA,"T","F",46195,"East",0,0,0,NA,175
"145","225-79*3",NA,NA,NA,NA,NA,NA,NA,NA,NA,"T","T",46195,"East",0,0,0,NA,175
"146","225-79*6",NA,NA,NA,NA,NA,NA,NA,NA,NA,"F","F",46195,"East",100,0,0,1,175
"147","473-85*1",NA,NA,NA,NA,NA,NA,NA,NA,NA,"F","F",46195,"East",90,8,2,1,175
"148","166-U*3",NA,NA,NA,NA,NA,NA,NA,NA,NA,"T","F",46195,"East",98,2,0,1,175
"149","283-95*1",NA,NA,NA,NA,NA,NA,NA,NA,NA,"N/A","N/A",46195,"East",0,0,0,NA,175
"150","194-94*1",NA,NA,NA,NA,NA,NA,NA,NA,NA,"F","F",46195,"East",100,0,0,1,175
"151","821-37*1",NA,NA,NA,NA,NA,NA,NA,NA,NA,"F","F",46195,"East",100,0,0,1,175
"152","850-55*1",NA,NA,NA,NA,NA,NA,NA,NA,NA,"T","T",46195,"East",100,0,0,1,175
"153","166-U*2",NA,NA,NA,NA,NA,NA,NA,NA,NA,"T","T",46195,"East",79,21,0,2,175
"154","567-32*3",NA,NA,NA,NA,NA,NA,NA,NA,NA,"F","F",46195,"East",0,21,79,8,175
"155","2122-23*1",NA,NA,NA,NA,NA,NA,NA,NA,NA,"T","F",46195,"East",94,6,0,1,175
"156","225-79*1",NA,NA,NA,NA,NA,NA,NA,NA,NA,"F","F",46195,"South",65,35,0,2,175
"157","225-79*4",NA,NA,NA,NA,NA,NA,NA,NA,NA,"T","F",46195,"South",0,0,0,NA,175
"158","225-79*3",NA,NA,NA,NA,NA,NA,NA,NA,NA,"T","T",46195,"South",50,50,0,3,175
"159","225-79*6",NA,NA,NA,NA,NA,NA,NA,NA,NA,"T","F",46195,"South",98,2,0,1,175
"160","473-85*1",NA,NA,NA,NA,NA,NA,NA,NA,NA,"F","F",46195,"South",94,6,0,1,175
"161","166-U*3",NA,NA,NA,NA,NA,NA,NA,NA,NA,"F","F",46195,"South",94,6,0,1,175
"162","283-95*1",NA,NA,NA,NA,NA,NA,NA,NA,NA,"N/A","N/A",46195,"South",0,0,0,NA,175
"163","194-94*1",NA,NA,NA,NA,NA,NA,NA,NA,NA,"T","T",46195,"South",100,0,0,1,175
"164","821-37*1",NA,NA,NA,NA,NA,NA,NA,NA,NA,"T","T",46195,"South",100,0,0,1,175
"165","850-55*1",NA,NA,NA,NA,NA,NA,NA,NA,NA,"T","F",46195,"South",100,0,0,1,175
"166","166-U*2",NA,NA,NA,NA,NA,NA,NA,NA,NA,"F","F",46195,"South",89,11,0,2,175
"167","567-32*3",NA,NA,NA,NA,NA,NA,NA,NA,NA,"F","F",46195,"South",0,11,89,8,175
"168","2122-23*1",NA,NA,NA,NA,NA,NA,NA,NA,NA,"T","F",46195,"South",100,0,0,1,175
"169","225-79*1",NA,NA,NA,NA,NA,NA,NA,NA,NA,"T","T",46195,"West",0,0,0,NA,175
"170","225-79*4",NA,NA,NA,NA,NA,NA,NA,NA,NA,"T","F",46195,"West",0,0,0,NA,175
"171","225-79*3",NA,NA,NA,NA,NA,NA,NA,NA,NA,"T","T",46195,"West",50,50,0,3,175
"172","225-79*6",NA,NA,NA,NA,NA,NA,NA,NA,NA,"F","F",46195,"West",97,3,0,1,175
"173","473-85*1",NA,NA,NA,NA,NA,NA,NA,NA,NA,"T","T",46195,"West",66,34,0,2,175
"174","166-U*3",NA,NA,NA,NA,NA,NA,NA,NA,NA,"T","F",46195,"West",100,0,0,1,175
"175","283-95*1",NA,NA,NA,NA,NA,NA,NA,NA,NA,"N/A","N/A",46195,"West",0,0,0,NA,175
"176","194-94*1",NA,NA,NA,NA,NA,NA,NA,NA,NA,"T","T",46195,"West",0,0,0,NA,175
"177","821-37*1",NA,NA,NA,NA,NA,NA,NA,NA,NA,"F","F",46195,"West",100,0,0,1,175
"178","850-55*1",NA,NA,NA,NA,NA,NA,NA,NA,NA,"F","F",46195,"West",99,1,0,1,175
"179","166-U*2",NA,NA,NA,NA,NA,NA,NA,NA,NA,"F","F",46195,"West",91,9,0,1,175
"180","567-32*3",NA,NA,NA,NA,NA,NA,NA,NA,NA,"F","F",46195,"West",0,39,61,7,175
"181","2122-23*1",NA,NA,NA,NA,NA,NA,NA,NA,NA,"T","F",46195,"West",100,0,0,1,175
"182","225-79*1",NA,NA,NA,NA,NA,NA,NA,NA,NA,"T","F",46199,"North",0,0,0,NA,179
"183","225-79*4",NA,NA,NA,NA,NA,NA,NA,NA,NA,"T","F",46199,"North",0,0,0,NA,179
"184","225-79*3",NA,NA,NA,NA,NA,NA,NA,NA,NA,"T","T",46199,"North",0,100,0,5,179
"185","225-79*6",NA,NA,NA,NA,NA,NA,NA,NA,NA,"T","F",46199,"North",81,19,0,2,179
"186","473-85*1",NA,NA,NA,NA,NA,NA,NA,NA,NA,"F","F",46199,"North",66,34,0,2,179
"187","166-U*3",NA,NA,NA,NA,NA,NA,NA,NA,NA,"F","F",46199,"North",77,23,0,2,179
"188","283-95*1",NA,NA,NA,NA,NA,NA,NA,NA,NA,"N/A","N/A",46199,"North",0,0,0,NA,179
"189","194-94*1",NA,NA,NA,NA,NA,NA,NA,NA,NA,"F","F",46199,"North",0,0,0,NA,179
"190","821-37*1",NA,NA,NA,NA,NA,NA,NA,NA,NA,"F","F",46199,"North",64,33,0,2,179
"191","850-55*1",NA,NA,NA,NA,NA,NA,NA,NA,NA,"F","F",46199,"North",93,7,0,1,179
"192","166-U*2",NA,NA,NA,NA,NA,NA,NA,NA,NA,"F","F",46199,"North",33,66,0,NA,179
"193","567-32*3",NA,NA,NA,NA,NA,NA,NA,NA,NA,"F","F",46199,"North",0,0,100,9,179
"194","2122-23*1",NA,NA,NA,NA,NA,NA,NA,NA,NA,"F","F",46199,"North",88,12,0,2,179
"195","225-79*1",NA,NA,NA,NA,NA,NA,NA,NA,NA,"F","F",46199,"East",16,84,0,5,179
"196","225-79*4",NA,NA,NA,NA,NA,NA,NA,NA,NA,"T","F",46199,"East",0,0,0,NA,179
"197","225-79*3",NA,NA,NA,NA,NA,NA,NA,NA,NA,"T","T",46199,"East",12,88,0,5,179
"198","225-79*6",NA,NA,NA,NA,NA,NA,NA,NA,NA,"F","F",46199,"East",100,0,0,1,179
"199","473-85*1",NA,NA,NA,NA,NA,NA,NA,NA,NA,"F","F",46199,"East",12,88,0,5,179
"200","166-U*3",NA,NA,NA,NA,NA,NA,NA,NA,NA,"T","F",46199,"East",91,9,0,1,179
"201","283-95*1",NA,NA,NA,NA,NA,NA,NA,NA,NA,"N/A","N/A",46199,"East",0,0,0,NA,179
"202","194-94*1",NA,NA,NA,NA,NA,NA,NA,NA,NA,"F","F",46199,"East",70,30,0,2,179
"203","821-37*1",NA,NA,NA,NA,NA,NA,NA,NA,NA,"F","F",46199,"East",0,0,0,NA,179
"204","850-55*1",NA,NA,NA,NA,NA,NA,NA,NA,NA,"T","T",46199,"East",70,30,0,2,179
"205","166-U*2",NA,NA,NA,NA,NA,NA,NA,NA,NA,"T","T",46199,"East",41,59,0,3,179
"206","567-32*3",NA,NA,NA,NA,NA,NA,NA,NA,NA,"F","F",46199,"East",0,0,100,9,179
"207","2122-23*1",NA,NA,NA,NA,NA,NA,NA,NA,NA,"T","F",46199,"East",92,8,0,1,179
"208","225-79*1",NA,NA,NA,NA,NA,NA,NA,NA,NA,"F","F",46199,"South",14,86,0,5,179
"209","225-79*4",NA,NA,NA,NA,NA,NA,NA,NA,NA,"T","F",46199,"South",0,0,0,NA,179
"210","225-79*3",NA,NA,NA,NA,NA,NA,NA,NA,NA,"T","T",46199,"South",100,0,0,1,179
"211","225-79*6",NA,NA,NA,NA,NA,NA,NA,NA,NA,"T","F",46199,"South",93,7,0,1,179
"212","473-85*1",NA,NA,NA,NA,NA,NA,NA,NA,NA,"F","F",46199,"South",75,25,0,2,179
"213","166-U*3",NA,NA,NA,NA,NA,NA,NA,NA,NA,"F","F",46199,"South",80,20,0,2,179
"214","283-95*1",NA,NA,NA,NA,NA,NA,NA,NA,NA,"N/A","N/A",46199,"South",0,0,0,NA,179
"215","194-94*1",NA,NA,NA,NA,NA,NA,NA,NA,NA,"T","T",46199,"South",88,12,0,2,179
"216","821-37*1",NA,NA,NA,NA,NA,NA,NA,NA,NA,"T","T",46199,"South",85,15,0,2,179
"217","850-55*1",NA,NA,NA,NA,NA,NA,NA,NA,NA,"T","F",46199,"South",88,12,0,2,179
"218","166-U*2",NA,NA,NA,NA,NA,NA,NA,NA,NA,"F","F",46199,"South",51,49,0,3,179
"219","567-32*3",NA,NA,NA,NA,NA,NA,NA,NA,NA,"F","F",46199,"South",0,0,100,9,179
"220","2122-23*1",NA,NA,NA,NA,NA,NA,NA,NA,NA,"T","F",46199,"South",71,29,0,2,179
"221","225-79*1",NA,NA,NA,NA,NA,NA,NA,NA,NA,"T","T",46199,"West",0,0,0,NA,179
"222","225-79*4",NA,NA,NA,NA,NA,NA,NA,NA,NA,"T","F",46199,"West",0,0,0,NA,179
"223","225-79*3",NA,NA,NA,NA,NA,NA,NA,NA,NA,"T","T",46199,"West",0,89,11,5,179
"224","225-79*6",NA,NA,NA,NA,NA,NA,NA,NA,NA,"F","F",46199,"West",95,5,0,1,179
"225","473-85*1",NA,NA,NA,NA,NA,NA,NA,NA,NA,"T","T",46199,"West",18,82,0,5,179
"226","166-U*3",NA,NA,NA,NA,NA,NA,NA,NA,NA,"T","F",46199,"West",66,34,0,2,179
"227","283-95*1",NA,NA,NA,NA,NA,NA,NA,NA,NA,"N/A","N/A",46199,"West",0,0,0,NA,179
"228","194-94*1",NA,NA,NA,NA,NA,NA,NA,NA,NA,"T","T",46199,"West",0,0,0,NA,179
"229","821-37*1",NA,NA,NA,NA,NA,NA,NA,NA,NA,"F","F",46199,"West",0,0,0,NA,179
"230","850-55*1",NA,NA,NA,NA,NA,NA,NA,NA,NA,"F","F",46199,"West",88,12,0,2,179
"231","166-U*2",NA,NA,NA,NA,NA,NA,NA,NA,NA,"F","F",46199,"West",54,56,0,3,179
"232","567-32*3",NA,NA,NA,NA,NA,NA,NA,NA,NA,"F","F",46199,"West",0,4,96,9,179
"233","2122-23*1",NA,NA,NA,NA,NA,NA,NA,NA,NA,"T","F",46199,"West",72,28,0,2,179
"234","225-79*1",NA,NA,NA,NA,NA,NA,NA,NA,NA,"T","F",46202,"North",0,0,0,NA,182
"235","225-79*4",NA,NA,NA,NA,NA,NA,NA,NA,NA,"T","F",46202,"North",0,0,0,NA,182
"236","225-79*3",NA,NA,NA,NA,NA,NA,NA,NA,NA,"T","T",46202,"North",0,0,0,NA,182
"237","225-79*6",NA,NA,NA,NA,NA,NA,NA,NA,NA,"T","F",46202,"North",40,60,0,3,182
"238","473-85*1",NA,NA,NA,NA,NA,NA,NA,NA,NA,"F","F",46202,"North",8,71,21,6,182
"239","166-U*3",NA,NA,NA,NA,NA,NA,NA,NA,NA,"F","F",46202,"North",68,32,0,2,182
"240","283-95*1",NA,NA,NA,NA,NA,NA,NA,NA,NA,"N/A","N/A",46202,"North",0,0,0,NA,182
"241","194-94*1",NA,NA,NA,NA,NA,NA,NA,NA,NA,"F","F",46202,"North",25,75,0,NA,182
"242","821-37*1",NA,NA,NA,NA,NA,NA,NA,NA,NA,"F","F",46202,"North",57,43,0,3,182
"243","850-55*1",NA,NA,NA,NA,NA,NA,NA,NA,NA,"F","F",46202,"North",59,41,0,3,182
"244","166-U*2",NA,NA,NA,NA,NA,NA,NA,NA,NA,"F","F",46202,"North",18,82,0,5,182
"245","567-32*3",NA,NA,NA,NA,NA,NA,NA,NA,NA,"F","F",46202,"North",0,0,100,9,182
"246","2122-23*1",NA,NA,NA,NA,NA,NA,NA,NA,NA,"F","F",46202,"North",38,59,3,3,182
"247","225-79*1",NA,NA,NA,NA,NA,NA,NA,NA,NA,"F","F",46202,"East",18,73,9,5,182
"248","225-79*4",NA,NA,NA,NA,NA,NA,NA,NA,NA,"T","F",46202,"East",0,100,0,5,182
"249","225-79*3",NA,NA,NA,NA,NA,NA,NA,NA,NA,"T","T",46202,"East",0,100,0,5,182
"250","225-79*6",NA,NA,NA,NA,NA,NA,NA,NA,NA,"F","F",46202,"East",68,32,0,2,182
"251","473-85*1",NA,NA,NA,NA,NA,NA,NA,NA,NA,"F","F",46202,"East",42,55,3,3,182
"252","166-U*3",NA,NA,NA,NA,NA,NA,NA,NA,NA,"T","F",46202,"East",48,52,0,3,182
"253","283-95*1",NA,NA,NA,NA,NA,NA,NA,NA,NA,"N/A","N/A",46202,"East",0,0,0,NA,182
"254","194-94*1",NA,NA,NA,NA,NA,NA,NA,NA,NA,"F","F",46202,"East",24,76,0,NA,182
"255","821-37*1",NA,NA,NA,NA,NA,NA,NA,NA,NA,"F","F",46202,"East",69,31,0,2,182
"256","850-55*1",NA,NA,NA,NA,NA,NA,NA,NA,NA,"T","T",46202,"East",88,12,0,2,182
"257","166-U*2",NA,NA,NA,NA,NA,NA,NA,NA,NA,"T","T",46202,"East",7,93,0,5,182
"258","567-32*3",NA,NA,NA,NA,NA,NA,NA,NA,NA,"F","F",46202,"East",0,0,100,9,182
"259","2122-23*1",NA,NA,NA,NA,NA,NA,NA,NA,NA,"T","F",46202,"East",61,39,0,2,182
"260","225-79*1",NA,NA,NA,NA,NA,NA,NA,NA,NA,"F","F",46202,"South",0,93,7,5,182
"261","225-79*4",NA,NA,NA,NA,NA,NA,NA,NA,NA,"T","F",46202,"South",0,0,0,NA,182
"262","225-79*3",NA,NA,NA,NA,NA,NA,NA,NA,NA,"T","T",46202,"South",0,0,0,NA,182
"263","225-79*6",NA,NA,NA,NA,NA,NA,NA,NA,NA,"T","F",46202,"South",80,20,0,2,182
"264","473-85*1",NA,NA,NA,NA,NA,NA,NA,NA,NA,"F","F",46202,"South",27,70,3,NA,182
"265","166-U*3",NA,NA,NA,NA,NA,NA,NA,NA,NA,"F","F",46202,"South",38,62,0,3,182
"266","283-95*1",NA,NA,NA,NA,NA,NA,NA,NA,NA,"N/A","N/A",46202,"South",0,0,0,NA,182
"267","194-94*1",NA,NA,NA,NA,NA,NA,NA,NA,NA,"T","T",46202,"South",0,0,0,NA,182
"268","821-37*1",NA,NA,NA,NA,NA,NA,NA,NA,NA,"T","T",46202,"South",43,57,0,3,182
"269","850-55*1",NA,NA,NA,NA,NA,NA,NA,NA,NA,"T","F",46202,"South",19,81,0,5,182
"270","166-U*2",NA,NA,NA,NA,NA,NA,NA,NA,NA,"F","F",46202,"South",10,88,2,5,182
"271","567-32*3",NA,NA,NA,NA,NA,NA,NA,NA,NA,"F","F",46202,"South",0,0,100,9,182
"272","2122-23*1",NA,NA,NA,NA,NA,NA,NA,NA,NA,"T","F",46202,"South",19,81,0,5,182
"273","225-79*1",NA,NA,NA,NA,NA,NA,NA,NA,NA,"T","T",46202,"West",0,0,0,NA,182
"274","225-79*4",NA,NA,NA,NA,NA,NA,NA,NA,NA,"T","F",46202,"West",0,100,0,5,182
"275","225-79*3",NA,NA,NA,NA,NA,NA,NA,NA,NA,"T","T",46202,"West",0,100,0,5,182
"276","225-79*6",NA,NA,NA,NA,NA,NA,NA,NA,NA,"F","F",46202,"West",38,59,3,3,182
"277","473-85*1",NA,NA,NA,NA,NA,NA,NA,NA,NA,"T","T",46202,"West",5,95,0,5,182
"278","166-U*3",NA,NA,NA,NA,NA,NA,NA,NA,NA,"T","F",46202,"West",62,38,0,2,182
"279","283-95*1",NA,NA,NA,NA,NA,NA,NA,NA,NA,"N/A","N/A",46202,"West",0,0,0,NA,182
"280","194-94*1",NA,NA,NA,NA,NA,NA,NA,NA,NA,"T","T",46202,"West",0,0,0,NA,182
"281","821-37*1",NA,NA,NA,NA,NA,NA,NA,NA,NA,"F","F",46202,"West",58,42,0,3,182
"282","850-55*1",NA,NA,NA,NA,NA,NA,NA,NA,NA,"F","F",46202,"West",59,41,0,3,182
"283","166-U*2",NA,NA,NA,NA,NA,NA,NA,NA,NA,"F","F",46202,"West",24,70,6,NA,182
"284","567-32*3",NA,NA,NA,NA,NA,NA,NA,NA,NA,"F","F",46202,"West",0,0,100,9,182
"285","2122-23*1",NA,NA,NA,NA,NA,NA,NA,NA,NA,"T","F",46202,"West",59,41,0,3,182
"286","225-79*1",NA,NA,NA,NA,NA,NA,NA,NA,NA,"T","F",46205,"North",0,0,0,NA,185
"287","225-79*4",NA,NA,NA,NA,NA,NA,NA,NA,NA,"T","F",46205,"North",0,0,0,NA,185
"288","225-79*3",NA,NA,NA,NA,NA,NA,NA,NA,NA,"T","T",46205,"North",0,0,0,NA,185
"289","225-79*6",NA,NA,NA,NA,NA,NA,NA,NA,NA,"T","F",46205,"North",11,84,5,5,185
"290","473-85*1",NA,NA,NA,NA,NA,NA,NA,NA,NA,"F","F",46205,"North",20,33,47,NA,185
"291","166-U*3",NA,NA,NA,NA,NA,NA,NA,NA,NA,"F","F",46205,"North",11,89,0,5,185
"292","283-95*1",NA,NA,NA,NA,NA,NA,NA,NA,NA,"N/A","N/A",46205,"North",0,0,0,NA,185
"293","194-94*1",NA,NA,NA,NA,NA,NA,NA,NA,NA,"F","F",46205,"North",0,50,50,6,185
"294","821-37*1",NA,NA,NA,NA,NA,NA,NA,NA,NA,"F","F",46205,"North",25,41,34,NA,185
"295","850-55*1",NA,NA,NA,NA,NA,NA,NA,NA,NA,"F","F",46205,"North",26,74,0,NA,185
"296","166-U*2",NA,NA,NA,NA,NA,NA,NA,NA,NA,"F","F",46205,"North",0,20,80,8,185
"297","567-32*3",NA,NA,NA,NA,NA,NA,NA,NA,NA,"F","F",46205,"North",0,0,10000,9,185
"298","2122-23*1",NA,NA,NA,NA,NA,NA,NA,NA,NA,"F","F",46205,"North",15,83,2,5,185
"299","225-79*1",NA,NA,NA,NA,NA,NA,NA,NA,NA,"F","F",46205,"East",0,7,93,9,185
"300","225-79*4",NA,NA,NA,NA,NA,NA,NA,NA,NA,"T","F",46205,"East",0,43,57,7,185
"301","225-79*3",NA,NA,NA,NA,NA,NA,NA,NA,NA,"T","T",46205,"East",14,14,72,NA,185
"302","225-79*6",NA,NA,NA,NA,NA,NA,NA,NA,NA,"F","F",46205,"East",3,72,25,6,185
"303","473-85*1",NA,NA,NA,NA,NA,NA,NA,NA,NA,"F","F",46205,"East",16,36,48,NA,185
"304","166-U*3",NA,NA,NA,NA,NA,NA,NA,NA,NA,"T","F",46205,"East",100,0,0,1,185
"305","283-95*1",NA,NA,NA,NA,NA,NA,NA,NA,NA,"N/A","N/A",46205,"East",0,0,0,NA,185
"306","194-94*1",NA,NA,NA,NA,NA,NA,NA,NA,NA,"F","F",46205,"East",1,45,54,7,185
"307","821-37*1",NA,NA,NA,NA,NA,NA,NA,NA,NA,"F","F",46205,"East",38,51,11,3,185
"308","850-55*1",NA,NA,NA,NA,NA,NA,NA,NA,NA,"T","T",46205,"East",93,7,0,1,185
"309","166-U*2",NA,NA,NA,NA,NA,NA,NA,NA,NA,"T","T",46205,"East",100,0,0,1,185
"310","567-32*3",NA,NA,NA,NA,NA,NA,NA,NA,NA,"F","F",46205,"East",0,0,100,9,185
"311","2122-23*1",NA,NA,NA,NA,NA,NA,NA,NA,NA,"T","F",46205,"East",10,78,12,5,185
"312","225-79*1",NA,NA,NA,NA,NA,NA,NA,NA,NA,"F","F",46205,"South",0,13,87,8,185
"313","225-79*4",NA,NA,NA,NA,NA,NA,NA,NA,NA,"T","F",46205,"South",0,0,0,NA,185
"314","225-79*3",NA,NA,NA,NA,NA,NA,NA,NA,NA,"T","T",46205,"South",0,0,100,9,185
"315","225-79*6",NA,NA,NA,NA,NA,NA,NA,NA,NA,"T","F",46205,"South",13,79,8,5,185
"316","473-85*1",NA,NA,NA,NA,NA,NA,NA,NA,NA,"F","F",46205,"South",12,28,60,NA,185
"317","166-U*3",NA,NA,NA,NA,NA,NA,NA,NA,NA,"F","F",46205,"South",14,86,0,5,185
"318","283-95*1",NA,NA,NA,NA,NA,NA,NA,NA,NA,"N/A","N/A",46205,"South",0,0,0,NA,185
"319","194-94*1",NA,NA,NA,NA,NA,NA,NA,NA,NA,"T","T",46205,"South",0,0,0,NA,185
"320","821-37*1",NA,NA,NA,NA,NA,NA,NA,NA,NA,"T","T",46205,"South",9,69,22,6,185
"321","850-55*1",NA,NA,NA,NA,NA,NA,NA,NA,NA,"T","F",46205,"South",7,84,9,5,185
"322","166-U*2",NA,NA,NA,NA,NA,NA,NA,NA,NA,"F","F",46205,"South",0,7,93,9,185
"323","567-32*3",NA,NA,NA,NA,NA,NA,NA,NA,NA,"F","F",46205,"South",0,0,100,9,185
"324","2122-23*1",NA,NA,NA,NA,NA,NA,NA,NA,NA,"T","F",46205,"South",5,65,30,6,185
"325","225-79*1",NA,NA,NA,NA,NA,NA,NA,NA,NA,"T","T",46205,"West",0,0,0,NA,185
"326","225-79*4",NA,NA,NA,NA,NA,NA,NA,NA,NA,"T","F",46205,"West",0,50,50,6,185
"327","225-79*3",NA,NA,NA,NA,NA,NA,NA,NA,NA,"T","T",46205,"West",0,18,82,8,185
"328","225-79*6",NA,NA,NA,NA,NA,NA,NA,NA,NA,"F","F",46205,"West",3,72,25,6,185
"329","473-85*1",NA,NA,NA,NA,NA,NA,NA,NA,NA,"T","T",46205,"West",1,13,86,8,185
"330","166-U*3",NA,NA,NA,NA,NA,NA,NA,NA,NA,"T","F",46205,"West",14,86,0,5,185
"331","283-95*1",NA,NA,NA,NA,NA,NA,NA,NA,NA,"N/A","N/A",46205,"West",0,0,0,NA,185
"332","194-94*1",NA,NA,NA,NA,NA,NA,NA,NA,NA,"T","T",46205,"West",0,0,0,NA,185
"333","821-37*1",NA,NA,NA,NA,NA,NA,NA,NA,NA,"F","F",46205,"West",18,66,16,4,185
"334","850-55*1",NA,NA,NA,NA,NA,NA,NA,NA,NA,"F","F",46205,"West",3,84,13,5,185
"335","166-U*2",NA,NA,NA,NA,NA,NA,NA,NA,NA,"F","F",46205,"West",0,3,97,9,185
"336","567-32*3",NA,NA,NA,NA,NA,NA,NA,NA,NA,"F","F",46205,"West",0,0,100,9,185
"337","2122-23*1",NA,NA,NA,NA,NA,NA,NA,NA,NA,"T","F",46205,"West",8,65,27,6,185
"338","225-79*1",NA,NA,NA,NA,NA,NA,NA,NA,NA,"T","F",46209,"North",0,0,0,NA,189
"339","225-79*4",NA,NA,NA,NA,NA,NA,NA,NA,NA,"T","F",46209,"North",0,0,0,NA,189
"340","225-79*3",NA,NA,NA,NA,NA,NA,NA,NA,NA,"T","T",46209,"North",0,0,0,NA,189
"341","225-79*6",NA,NA,NA,NA,NA,NA,NA,NA,NA,"T","F",46209,"North",0,18,82,NA,189
"342","473-85*1",NA,NA,NA,NA,NA,NA,NA,NA,NA,"F","F",46209,"North",0,27,73,NA,189
"343","166-U*3",NA,NA,NA,NA,NA,NA,NA,NA,NA,"F","F",46209,"North",9,51,40,NA,189
"344","283-95*1",NA,NA,NA,NA,NA,NA,NA,NA,NA,"N/A","N/A",46209,"North",0,0,0,NA,189
"345","194-94*1",NA,NA,NA,NA,NA,NA,NA,NA,NA,"F","F",46209,"North",0,0,0,NA,189
"346","821-37*1",NA,NA,NA,NA,NA,NA,NA,NA,NA,"F","F",46209,"North",4,45,51,NA,189
"347","850-55*1",NA,NA,NA,NA,NA,NA,NA,NA,NA,"F","F",46209,"North",7,14,79,NA,189
"348","166-U*2",NA,NA,NA,NA,NA,NA,NA,NA,NA,"F","F",46209,"North",0,9,91,NA,189
"349","567-32*3",NA,NA,NA,NA,NA,NA,NA,NA,NA,"F","F",46209,"North",0,0,100,9,189
"350","2122-23*1",NA,NA,NA,NA,NA,NA,NA,NA,NA,"F","F",46209,"East",0,10,90,NA,189
"351","225-79*1",NA,NA,NA,NA,NA,NA,NA,NA,NA,"F","F",46209,"East",0,0,100,9,189
"352","225-79*4",NA,NA,NA,NA,NA,NA,NA,NA,NA,"T","F",46209,"East",0,0,100,9,189
"353","225-79*3",NA,NA,NA,NA,NA,NA,NA,NA,NA,"T","T",46209,"East",0,0,100,9,189
"354","225-79*6",NA,NA,NA,NA,NA,NA,NA,NA,NA,"F","F",46209,"East",0,11,89,NA,189
"355","473-85*1",NA,NA,NA,NA,NA,NA,NA,NA,NA,"F","F",46209,"East",2,9,89,NA,189
"356","166-U*3",NA,NA,NA,NA,NA,NA,NA,NA,NA,"T","F",46209,"East",7,26,67,NA,189
"357","283-95*1",NA,NA,NA,NA,NA,NA,NA,NA,NA,"N/A","N/A",46209,"East",0,0,0,NA,189
"358","194-94*1",NA,NA,NA,NA,NA,NA,NA,NA,NA,"F","F",46209,"East",1,5,94,NA,189
"359","821-37*1",NA,NA,NA,NA,NA,NA,NA,NA,NA,"F","F",46209,"East",18,38,44,NA,189
"360","850-55*1",NA,NA,NA,NA,NA,NA,NA,NA,NA,"T","T",46209,"East",0,14,86,NA,189
"361","166-U*2",NA,NA,NA,NA,NA,NA,NA,NA,NA,"T","T",46209,"East",0,1,99,NA,189
"362","567-32*3",NA,NA,NA,NA,NA,NA,NA,NA,NA,"F","F",46209,"East",0,0,100,9,189
"363","2122-23*1",NA,NA,NA,NA,NA,NA,NA,NA,NA,"T","F",46209,"East",0,18,82,NA,189
"364","225-79*1",NA,NA,NA,NA,NA,NA,NA,NA,NA,"F","F",46209,"South",0,0,100,9,189
"365","225-79*4",NA,NA,NA,NA,NA,NA,NA,NA,NA,"T","F",46209,"South",0,0,0,NA,189
"366","225-79*3",NA,NA,NA,NA,NA,NA,NA,NA,NA,"T","T",46209,"South",0,0,100,9,189
"367","225-79*6",NA,NA,NA,NA,NA,NA,NA,NA,NA,"T","F",46209,"South",2,60,38,NA,189
"368","473-85*1",NA,NA,NA,NA,NA,NA,NA,NA,NA,"F","F",46209,"South",2,8,90,NA,189
"369","166-U*3",NA,NA,NA,NA,NA,NA,NA,NA,NA,"F","F",46209,"South",13,18,69,NA,189
"370","283-95*1",NA,NA,NA,NA,NA,NA,NA,NA,NA,"N/A","N/A",46209,"South",0,0,0,NA,189
"371","194-94*1",NA,NA,NA,NA,NA,NA,NA,NA,NA,"T","T",46209,"South",0,0,0,NA,189
"372","821-37*1",NA,NA,NA,NA,NA,NA,NA,NA,NA,"T","T",46209,"South",7,13,80,NA,189
"373","850-55*1",NA,NA,NA,NA,NA,NA,NA,NA,NA,"T","F",46209,"South",0,15,85,NA,189
"374","166-U*2",NA,NA,NA,NA,NA,NA,NA,NA,NA,"F","F",46209,"South",0,2,98,NA,189
"375","567-32*3",NA,NA,NA,NA,NA,NA,NA,NA,NA,"F","F",46209,"South",0,0,100,9,189
"376","2122-23*1",NA,NA,NA,NA,NA,NA,NA,NA,NA,"T","F",46209,"South",1,15,84,NA,189
"377","225-79*1",NA,NA,NA,NA,NA,NA,NA,NA,NA,"T","T",46209,"West",0,0,100,9,189
"378","225-79*4",NA,NA,NA,NA,NA,NA,NA,NA,NA,"T","F",46209,"West",0,0,100,9,189
"379","225-79*3",NA,NA,NA,NA,NA,NA,NA,NA,NA,"T","T",46209,"West",0,0,100,9,189
"380","225-79*6",NA,NA,NA,NA,NA,NA,NA,NA,NA,"F","F",46209,"West",0,25,75,NA,189
"381","473-85*1",NA,NA,NA,NA,NA,NA,NA,NA,NA,"T","T",46209,"West",2,3,95,NA,189
"382","166-U*3",NA,NA,NA,NA,NA,NA,NA,NA,NA,"T","F",46209,"West",15,55,30,NA,189
"383","283-95*1",NA,NA,NA,NA,NA,NA,NA,NA,NA,"N/A","N/A",46209,"West",0,0,0,NA,189
"384","194-94*1",NA,NA,NA,NA,NA,NA,NA,NA,NA,"T","T",46209,"West",0,0,0,NA,189
"385","821-37*1",NA,NA,NA,NA,NA,NA,NA,NA,NA,"F","F",46209,"West",24,31,45,NA,189
"386","850-55*1",NA,NA,NA,NA,NA,NA,NA,NA,NA,"F","F",46209,"West",11,7,82,NA,189
"387","166-U*2",NA,NA,NA,NA,NA,NA,NA,NA,NA,"F","F",46209,"West",0,6,94,NA,189
"388","567-32*3",NA,NA,NA,NA,NA,NA,NA,NA,NA,"F","F",46209,"West",0,0,100,9,189
"389","2122-23*1",NA,NA,NA,NA,NA,NA,NA,NA,NA,"T","F",46209,"West",6,29,65,NA,189
"390","225-79*1",NA,NA,NA,NA,NA,NA,NA,NA,NA,"T","F",46213,"North",0,0,100,9,193
"391","225-79*4",NA,NA,NA,NA,NA,NA,NA,NA,NA,"T","F",46213,"North",0,0,100,9,193
"392","225-79*3",NA,NA,NA,NA,NA,NA,NA,NA,NA,"T","T",46213,"North",0,0,100,9,193
"393","225-79*6",NA,NA,NA,NA,NA,NA,NA,NA,NA,"T","F",46213,"North",0,11,89,NA,193
"394","473-85*1",NA,NA,NA,NA,NA,NA,NA,NA,NA,"F","F",46213,"North",0,4,96,NA,193
"395","166-U*3",NA,NA,NA,NA,NA,NA,NA,NA,NA,"F","F",46213,"North",2,22,76,NA,193
"396","283-95*1",NA,NA,NA,NA,NA,NA,NA,NA,NA,"N/A","N/A",46213,"North",0,0,0,NA,193
"397","194-94*1",NA,NA,NA,NA,NA,NA,NA,NA,NA,"F","F",46213,"North",0,0,0,NA,193
"398","821-37*1",NA,NA,NA,NA,NA,NA,NA,NA,NA,"F","F",46213,"North",0,17,83,NA,193
"399","850-55*1",NA,NA,NA,NA,NA,NA,NA,NA,NA,"F","F",46213,"North",0,1,99,9,193
"400","166-U*2",NA,NA,NA,NA,NA,NA,NA,NA,NA,"F","F",46213,"North",1,1,98,NA,193
"401","567-32*3",NA,NA,NA,NA,NA,NA,NA,NA,NA,"F","F",46213,"North",0,0,100,9,193
"402","2122-23*1",NA,NA,NA,NA,NA,NA,NA,NA,NA,"F","F",46213,"North",0,0,100,9,193
"403","225-79*1",NA,NA,NA,NA,NA,NA,NA,NA,NA,"F","F",46213,"East",0,0,100,9,193
"404","225-79*4",NA,NA,NA,NA,NA,NA,NA,NA,NA,"T","F",46213,"East",0,0,100,9,193
"405","225-79*3",NA,NA,NA,NA,NA,NA,NA,NA,NA,"T","T",46213,"East",0,0,100,9,193
"406","225-79*6",NA,NA,NA,NA,NA,NA,NA,NA,NA,"F","F",46213,"East",0,0,100,9,193
"407","473-85*1",NA,NA,NA,NA,NA,NA,NA,NA,NA,"F","F",46213,"East",2,4,94,NA,193
"408","166-U*3",NA,NA,NA,NA,NA,NA,NA,NA,NA,"T","F",46213,"East",0,32,68,NA,193
"409","283-95*1",NA,NA,NA,NA,NA,NA,NA,NA,NA,"N/A","N/A",46213,"East",0,0,0,NA,193
"410","194-94*1",NA,NA,NA,NA,NA,NA,NA,NA,NA,"F","F",46213,"East",0,0,100,9,193
"411","821-37*1",NA,NA,NA,NA,NA,NA,NA,NA,NA,"F","F",46213,"East",2,8,90,NA,193
"412","850-55*1",NA,NA,NA,NA,NA,NA,NA,NA,NA,"T","T",46213,"East",0,0,100,9,193
"413","166-U*2",NA,NA,NA,NA,NA,NA,NA,NA,NA,"T","T",46213,"East",0,0,100,9,193
"414","567-32*3",NA,NA,NA,NA,NA,NA,NA,NA,NA,"F","F",46213,"East",0,0,100,9,193
"415","2122-23*1",NA,NA,NA,NA,NA,NA,NA,NA,NA,"T","F",46213,"East",0,2,98,9,193
"416","225-79*1",NA,NA,NA,NA,NA,NA,NA,NA,NA,"F","F",46213,"South",0,0,100,9,193
"417","225-79*4",NA,NA,NA,NA,NA,NA,NA,NA,NA,"T","F",46213,"South",0,0,100,9,193
"418","225-79*3",NA,NA,NA,NA,NA,NA,NA,NA,NA,"T","T",46213,"South",0,0,100,9,193
"419","225-79*6",NA,NA,NA,NA,NA,NA,NA,NA,NA,"T","F",46213,"South",0,0,100,9,193
"420","473-85*1",NA,NA,NA,NA,NA,NA,NA,NA,NA,"F","F",46213,"South",2,5,93,NA,193
"421","166-U*3",NA,NA,NA,NA,NA,NA,NA,NA,NA,"F","F",46213,"South",0,23,77,NA,193
"422","283-95*1",NA,NA,NA,NA,NA,NA,NA,NA,NA,"N/A","N/A",46213,"South",0,0,0,NA,193
"423","194-94*1",NA,NA,NA,NA,NA,NA,NA,NA,NA,"T","T",46213,"South",0,0,100,9,193
"424","821-37*1",NA,NA,NA,NA,NA,NA,NA,NA,NA,"T","T",46213,"South",0,7,93,NA,193
"425","850-55*1",NA,NA,NA,NA,NA,NA,NA,NA,NA,"T","F",46213,"South",0,0,100,9,193
"426","166-U*2",NA,NA,NA,NA,NA,NA,NA,NA,NA,"F","F",46213,"South",0,0,100,9,193
"427","567-32*3",NA,NA,NA,NA,NA,NA,NA,NA,NA,"F","F",46213,"South",0,0,100,9,193
"428","2122-23*1",NA,NA,NA,NA,NA,NA,NA,NA,NA,"T","F",46213,"South",0,11,89,NA,193
"429","225-79*1",NA,NA,NA,NA,NA,NA,NA,NA,NA,"T","T",46213,"West",0,0,100,9,193
"430","225-79*4",NA,NA,NA,NA,NA,NA,NA,NA,NA,"T","F",46213,"West",0,0,100,9,193
"431","225-79*3",NA,NA,NA,NA,NA,NA,NA,NA,NA,"T","T",46213,"West",0,0,100,9,193
"432","225-79*6",NA,NA,NA,NA,NA,NA,NA,NA,NA,"F","F",46213,"West",0,0,100,9,193
"433","473-85*1",NA,NA,NA,NA,NA,NA,NA,NA,NA,"T","T",46213,"West",0,0,100,9,193
"434","166-U*3",NA,NA,NA,NA,NA,NA,NA,NA,NA,"T","F",46213,"West",0,32,68,NA,193
"435","283-95*1",NA,NA,NA,NA,NA,NA,NA,NA,NA,"N/A","N/A",46213,"West",0,0,0,NA,193
"436","194-94*1",NA,NA,NA,NA,NA,NA,NA,NA,NA,"T","T",46213,"West",0,0,0,NA,193
"437","821-37*1",NA,NA,NA,NA,NA,NA,NA,NA,NA,"F","F",46213,"West",0,0,100,9,193
"438","850-55*1",NA,NA,NA,NA,NA,NA,NA,NA,NA,"F","F",46213,"West",4,11,85,NA,193
"439","166-U*2",NA,NA,NA,NA,NA,NA,NA,NA,NA,"F","F",46213,"West",0,0,100,9,193
"440","567-32*3",NA,NA,NA,NA,NA,NA,NA,NA,NA,"F","F",46213,"West",0,0,100,9,193
"441","2122-23*1",NA,NA,NA,NA,NA,NA,NA,NA,NA,"T","F",46213,"West",0,11,89,NA,193
