"","SpecimenAccession","SpecimenBarcode","DeterminationCalcFullName","Collectors","CollectorNumber","Day","Month","Year","LocalityNotes","Accounted.for","Buds","Flowers","Fruits","Notes","Percent.Buds","Percent.Flowers","Percent.Fruit","doy","Phenophase"
"182412",182412,"0088479MOR","Tilia amurensis subsp. amurensis","Dorrell, J","15168v16",25,10,2016,"China: X-64/29-37","Yes",0,0,1,NA,0,0,100,299,9
"170420",170420,"0055677MOR","Tilia amurensis subsp. taquetii (C.K.Schneid.) Pigott","Means, E","11698v09",9,7,2009,"Korea: Q-66/24-23","Yes",0,0,7,NA,0,0,100,190,9
"176994",176994,"0064036MOR","Tilia amurensis subsp. taquetii (C.K.Schneid.) Pigott","Glaysher, L","13905v13",25,7,2013,"Korea: P-63/97-58","Yes",0,0,24,NA,0,0,100,206,9
"177467",177467,"0065852MOR","Tilia amurensis subsp. taquetii (C.K.Schneid.) Pigott","Beck, J","13904v13",25,7,2013,"Korea: Q-63/15-76","Yes",0,0,82,NA,0,0,100,206,9
"177468",177468,"0065853MOR","Tilia amurensis subsp. taquetii (C.K.Schneid.) Pigott","Beck, J","13906v13",25,7,2013,"Korea: P-63/95-89","Yes",0,0,75,NA,0,0,100,206,9
"34695",34695,"0049510MOR","Tilia chinensis Maxim.","Hess, WJ","4450",6,10,1978,"Tilia collection on east side near DuPage River by coordinates U-55/35-25.","Yes",0,0,7,NA,0,0,100,279,9
"158514",158514,"0050088MOR","Tilia chinensis Maxim.","Vogel, S","9702V03",30,6,2003,"Tilia, north section: AA-52/25-05","Yes",117,68,0,NA,63.2432432432432,36.7567567567568,0,181,2
"122218",122218,"0049481MOR","Tilia chinensis Maxim.","Altvatter, K","6795V94",25,8,1994,"Tiliaceae Collection, U-55/35-25","Yes",0,0,21,NA,0,0,100,237,9
"112864",112864,"0049483MOR","Tilia chinensis Maxim.","Bradtke, HL","5891V93",23,6,1993,"Tilia Collection, U-55/40-55","Yes",91,19,0,NA,82.7272727272727,17.2727272727273,0,174,2
"120577",120577,"0049482MOR","Tilia chinensis Maxim.","Packard, S","6718V94",16,8,1994,"Tilia Collection, AA-52/25-05","Yes",0,0,12,NA,0,0,100,228,9
"193013",193013,"0109214MOR","Tilia cordata 'Corzam'","Potenberg, K","18549v24",22,8,2024,"Firefly Pond: G-43/45-38","Yes",0,0,6,NA,0,0,100,235,9
"179435",179435,"0076037MOR","Tilia cordata 'Greenspire'","Means, E","14250v14",24,7,2014,"Meadow Lake: N-51/83-98","Yes",0,0,18,NA,0,0,100,205,9
"158959",158959,"0051420MOR","Tilia cordata 'Greenspire'","Packard, S","9701V03",30,6,2003,"Tilia, north section: Z-51/35-35","Yes",41,101,2,NA,28.4722222222222,70.1388888888889,1.38888888888889,181,NA
"120627",120627,"0050018MOR","Tilia cordata 'Greenspire'","Carlino, J","6734V94",16,8,1994,"Row 11 in Tree Evaluation Plot, E-96/Area","Yes",0,0,4,NA,0,0,100,228,9
"142755",142755,"0050016MOR","Tilia cordata 'Handsworth'","Kirt, S","8559V98",28,6,1998,"Tilia, s. section, X-55/15-25","Yes",0,7,59,NA,0,10.6060606060606,89.3939393939394,179,8
"138381",138381,"0049512MOR","Tilia cordata Mill.","Hess, WJ","7847",13,8,1997,"Near Visitor Center, L-46/25-55.","Yes",0,0,63,NA,0,0,100,225,9
"177466",177466,"0065850MOR","Tilia cordata Mill.","Matejka, K","13894v13",23,7,2013,"Tilia: W-56/45-25","Yes",0,0,31,NA,0,0,100,204,9
"181628",181628,"0082894MOR","Tilia cordata Mill.","Potenberg, K","14533v15",28,7,2015,"Tilia: X-55/50-55","Yes",0,0,34,NA,0,0,100,209,9
"182181",182181,"0084738MOR","Tilia cordata Mill.","?","14534v15",NA,NA,NA,"Tilia: W-56/80-35","Yes",0,0,49,NA,0,0,100,NA,9
"36821",36821,"0049511MOR","Tilia cordata Mill.","Anderson, B","7914",6,7,1979,"Tiliaceae Collection, east side of road, W-55/65-35.","Yes",0,1,30,NA,0,3.2258064516129,96.7741935483871,187,9
"36815",36815,"0049532MOR","Tilia cordata Mill.","Anderson, B","7916",6,7,1979,"Tilia Collection, W-56/80-35, east side of road.","Yes",0,9,9,NA,0,50,50,187,6
"36816",36816,"0049529MOR","Tilia cordata Mill.","Anderson, B","7912",6,7,1979,"Tilia Collection, X-55/50-55, east side of road.","Yes",12,0,0,NA,100,0,0,187,1
"36820",36820,"0049530MOR","Tilia cordata Mill.","Anderson, B","7915",6,7,1979,"Tilia Collection, W-54/40-85, east side of road.","Yes",9,40,0,NA,18.3673469387755,81.6326530612245,0,187,5
"36819",36819,"0049486MOR","Tilia cordata Mill.","Hess, WJ","4754",6,7,1979,"Tiliaceae Collection east of road; W-56/45-25.","Yes",0,0,146,NA,0,0,100,187,9
"74104",74104,"0049496MOR","Tilia cordata Mill.","Podrasky, N","1329V87",8,7,1987,"Near Meadow Lake; S-47/60-50.","Yes",0,0,45,NA,0,0,100,189,9
"105394",105394,"0049539MOR","Tilia cordata Mill.","Packard, S","5372V92",28,7,1992,"Central Europe Collection, BB-31/27-54","Yes",0,0,29,NA,0,0,100,210,9
"66535",66535,"0049501MOR","Tilia cordata Mill.","Podrasky, N","721V86",23,6,1986,"Tiliaceae Collection; U-50/25-15","Yes",0,44,10,NA,0,81.4814814814815,18.5185185185185,174,5
"93844",93844,"0049535MOR","Tilia cordata Mill.","Shimp, E","3791V90",1,8,1990,"Godshalk Meadow, L-35/22-10","Yes",0,0,24,NA,0,0,100,213,9
"28026",28026,"0049489MOR","Tilia cordata Mill.","Read, RW","432",2,7,1970,"Tilia Collection; Y-56/00-00","Yes",0,7,20,NA,0,25.9259259259259,74.0740740740741,183,8
"36822",36822,"0049487MOR","Tilia cordata Mill.","Hess, WJ","4752",6,7,1979,"Tiliaceae Collection east of road; W-57/30-15.","Yes",0,0,77,NA,0,0,100,187,9
"95440",95440,"0049500MOR","Tilia cordata Mill.","Packard, S","3908V90",14,8,1990,"Tilia Collection; X-56/15-35","Yes",0,0,46,NA,0,0,100,226,9
"120609",120609,"0049513MOR","Tilia cordata Mill.","Carlino, J","6663V94",3,8,1994,"Tilia Collection, U-50/10-30","Yes",0,0,10,NA,0,0,100,215,9
"114282",114282,"0049517MOR","Tilia cordata Mill.","Packard, S","6085V93",3,8,1993,"Administration Building, H-40/Area","Yes",0,0,5,NA,0,0,100,215,9
"158960",158960,"0051419MOR","Tilia cordata Mill.","Packard, S","9703V03",30,6,2003,"Tilia, north section; AA-53/16-97","Yes",9,30,51,NA,10,33.3333333333333,56.6666666666667,181,NA
"171246",171246,"0056320MOR","Tilia cordata Mill.","Ball, K","12304v10",15,6,2010,"Tilia, north section: X-55/62-90","Yes",11,50,0,NA,18.0327868852459,81.9672131147541,0,166,5
"155779",155779,"0040854MOR","Tilia cordata Mill.","Stephens, M","3",30,6,2003,"Balkan collection, N section; JJ-73/42-58","Yes",67,34,0,NA,66.3366336633663,33.6633663366337,0,181,2
"155986",155986,"0042350MOR","Tilia cordata Mill.","Packard, S","9626V02",20,8,2002,"Godshalk Meadow, N side; M-30/65-60","Yes",0,0,26,NA,0,0,100,232,9
"120576",120576,"0050017MOR","Tilia cordata Mill.","Packard, S","6717V94",16,8,1994,"Tilia Collection, Z-51/35-35","Yes",0,0,13,NA,0,0,100,228,9
"112843",112843,"0049541MOR","Tilia cordata Mill.","Bradtke, HL","5894V93",23,6,1993,"Tilia Collection, W-57/30-15","Yes",23,80,5,NA,21.2962962962963,74.0740740740741,4.62962962962963,174,NA
"73909",73909,"0049494MOR","Tilia cordata Mill.","Podrasky, N","1441V87",25,7,1987,"Near Visitor Center; L-46/25-55.","Yes",0,0,5,NA,0,0,100,206,9
"66539",66539,"0049536MOR","Tilia cordata Mill.","Podrasky, N","722V86",23,6,1986,"Tiliaceae, U-50/10-30","Yes",114,86,0,NA,57,43,0,174,3
"80695",80695,"0049499MOR","Tilia cordata Mill.","Hess, WJ","2174V88",26,7,1988,"Central and Western Asia Collection; DD-68/20-77","Yes",0,0,14,NA,0,0,100,208,9
"122220",122220,"0049503MOR","Tilia cordata Mill.","Altvatter, K","6793V94",25,8,1994,"Tiliaceae Collection; W-56/45-25","Yes",0,0,3,NA,0,0,100,237,9
"177334",177334,"0064277MOR","Tilia cordata Mill.","Potenberg, K","13885v13",16,7,2013,"Tilia: AA-53/16-97","Yes",0,0,16,NA,0,0,100,197,9
"96229",96229,"0049502MOR","Tilia cordata Mill.","Gavlak, N","4152V90",2,10,1990,"Display Collection, B-45/Area","Yes",0,0,29,NA,0,0,100,275,9
"36814",36814,"0049528MOR","Tilia cordata Mill.","Anderson, B","7911",6,7,1979,"Tilia Collection, X-56/50-40, east side of road.","Yes",0,0,4,NA,0,0,100,187,9
"177339",177339,"0064276MOR","Tilia cordata Mill.","Potenberg, K","13884v13",16,7,2013,"Tilia: W-56/45-25","Yes",0,0,43,NA,0,0,100,197,9
"163488",163488,"0052868MOR","Tilia cordata Mill.","Penny, W","10627V07",9,8,2007,"Central & Western Asia, north section: EE-69/09-29","Yes",0,0,28,NA,0,0,100,221,9
"79967",79967,"0049491MOR","Tilia cordata Mill.","Podrasky, N","2094V88",22,6,1988,"Near Meadow Lake; S-47/60-50.","Yes",7,2,0,NA,77.7777777777778,22.2222222222222,0,174,2
"66537",66537,"0049490MOR","Tilia cordata Mill.","Podrasky, N","720V86",23,6,1986,"Tiliaceae Collection; U-50/35-30","Yes",8,41,2,NA,15.6862745098039,80.3921568627451,3.92156862745098,174,5
"89771",89771,"0049504MOR","Tilia cordata Mill.","Packard, S","2794V89",25,7,1989,"Tiliaceae Collection; Y-55/65-90","Yes",0,0,53,NA,0,0,100,206,9
"120639",120639,"0071255MOR","Tilia cordata Mill.","Packard, S","6771V94",24,8,1994,"Southern Europe, [W-35/45-43]","Yes",0,0,64,NA,0,0,100,236,9
"105393",105393,"0049538MOR","Tilia cordata Mill.","Packard, S","5374V92",28,7,1992,"Central Europe Collection, Y-32/53-85","Yes",0,0,8,NA,0,0,100,210,9
"143725",143725,"0049508MOR","Tilia cordata Mill.","Bolger, K","8790V99",25,5,1999,"Central & West Asia, north section, DD-68/20-77.","Yes",15,0,0,NA,100,0,0,145,1
"94029",94029,"0049533MOR","Tilia cordata Mill.","Packard, S","3654V90",17,7,1990,"Tilia Collection, X-56/50-40","Yes",0,0,38,NA,0,0,100,198,9
"177474",177474,"0065849MOR","Tilia cordata Mill.","Casey, A","13893v13",22,7,2013,"Tilia: X-55/62-90","Yes",0,0,19,NA,0,0,100,203,9
"177331",177331,"0064272MOR","Tilia cordata Mill.","DeVries, C","13852v13",26,6,2013,"Tilia: X-55/50-55","Yes",26,33,0,NA,44.0677966101695,55.9322033898305,0,177,3
"177329",177329,"0064271MOR","Tilia cordata Mill.","Sachdev, S","13851v13",26,6,2013,"Tilia: W-56/80-35","Yes",39,0,0,NA,100,0,0,177,1
"94431",94431,"0049542MOR","Tilia cordata Mill.","Shimp, E","3827V90",7,8,1990,"Southern European Collection, W-35/29-68","Yes",0,0,22,NA,0,0,100,219,9
"36818",36818,"0049531MOR","Tilia cordata Mill.","Anderson, B","7910",6,7,1979,"Tilia Collection, X-56/15-35, east side of road.","Yes",0,0,57,NA,0,0,100,187,9
"112816",112816,"0049509MOR","Tilia cordata Mill.","Bradtke, HL","5898V93",23,6,1993,"Tilia Collection, W-56/45-25","Yes",16,39,4,NA,27.1186440677966,66.1016949152542,6.77966101694915,174,NA
"112876",112876,"0049540MOR","Tilia cordata Mill.","Altvatter, K","5878V93",22,6,1993,"Tilia Collection, X-56/15-35","Yes",79,153,3,NA,33.6170212765957,65.1063829787234,1.27659574468085,173,NA
"97653",97653,"0049497MOR","Tilia cordata Mill.","Altvatter, K","4653V91",13,6,1991,"Near Meadow Lake; S-47/60-50.","Yes",16,136,36,NA,8.51063829787234,72.3404255319149,19.1489361702128,164,5
"28025",28025,"0049527MOR","Tilia cordata Mill.","Read, RW","433",2,7,1970,"Tilia Collection, X-56/15-35","Yes",0,0,31,NA,0,0,100,183,9
"177465",177465,"0065632MOR","Tilia cordata Mill.","Casey, A","13892v13",22,7,2013,"Tilia: W-56/45-25","Yes",0,0,29,NA,0,0,100,203,9
"144047",144047,"0049506MOR","Tilia cordata Mill.","Packard, S","8950V99",26,7,1999,"Fragrance Garden, JJ-25/Area","Yes",0,0,7,NA,0,0,100,207,9
"183123",183123,"0091047MOR","Tilia cordata Mill.","Means, E","14932v16",16,6,2016,"Godshalk Meadow: M-30/65-60.","Yes",30,61,0,NA,32.967032967033,67.032967032967,0,168,NA
"112877",112877,"0049516MOR","Tilia cordata Mill.","Altvatter, K","5877V93",22,6,1993,"Tilia Collection, X-56/50-40","Yes",16,52,0,NA,23.5294117647059,76.4705882352941,0,173,NA
"176984",176984,"0064033MOR","Tilia cordata Mill.","Carle, M","13855v13",26,6,2013,"Tilia: AA-53/16-97","Yes",0,29,62,NA,0,31.8681318681319,68.1318681318681,177,7
"120640",120640,"0049498MOR","Tilia cordata Mill.","Packard, S","6773V94",24,8,1994,"Southern Europe Collection; W-35/70-58","Yes",0,0,19,NA,0,0,100,236,9
"98625",98625,"0049537MOR","Tilia cordata Mill.","Packard, S","4855V91",6,8,1991,"Tiliaceae Collection, AA-54/80-55","Yes",0,0,6,NA,0,0,100,218,9
"120584",120584,"0049505MOR","Tilia cordata Mill.","Carlino, J","6664V94",2,8,1994,"U-50/35-30","Yes",0,0,31,NA,0,0,100,214,9
"92587",92587,"0049495MOR","Tilia cordata Mill.","Klock, K","3557V90",29,6,1990,"Near Administration Building; H-40/area.","Yes",2,146,55,NA,0.985221674876847,71.9211822660099,27.0935960591133,180,6
"120616",120616,"0049514MOR","Tilia cordata Mill.","Carlino, J","6662V94",3,8,1994,"Tilia Collection, U-50/25-15","Yes",0,0,8,NA,0,0,100,215,9
"171355",171355,"0056270MOR","Tilia cordata Mill.","Keller, M","12305v10",15,6,2010,"Central Europe: Y-32/40-69","Yes",1,2,0,NA,33.3333333333333,66.6666666666667,0,166,NA
"65120",65120,"0049534MOR","Tilia cordata Mill.","Podrasky, N","293V84",21,6,1984,"Near Visitor Center, L-46/25-55.","Yes",165,37,0,NA,81.6831683168317,18.3168316831683,0,173,2
"32416",32416,"0049493MOR","Tilia cordata Mill.","Hess, WJ","4397",8,7,1978,"Display group just east of greenhouses and SE from the Administration Building near C-44.","Yes",2,162,14,NA,1.12359550561798,91.0112359550562,7.86516853932584,189,5
"119781",119781,"0049507MOR","Tilia cordata Mill.","Packard, S","6559V94",14,6,1994,"Fragrance Garden, LL-25/area","Yes",16,6,0,NA,72.7272727272727,27.2727272727273,0,165,2
"119775",119775,"0049515MOR","Tilia cordata Mill.","Altvatter, K","6567V94",16,6,1994,"Tilia Collection, Z-53/76-53","Yes",2,10,1,NA,15.3846153846154,76.9230769230769,7.69230769230769,167,5
"142081",142081,"0049488MOR","Tilia cordata Mill.","DeMink, L","s.n.",31,7,1998,"Hamamelidales Collection; U-50/10-30","Yes",0,0,17,NA,0,0,100,212,9
"63399",63399,"0049548MOR","Tilia cordata Mill. subsp. cordata","Podrasky, N","717V86",23,6,1986,"Near west cloverleaf, N-38/10-10.","Yes",1,13,5,NA,5.26315789473684,68.421052631579,26.3157894736842,174,6
"155787",155787,"0040420MOR","Tilia cordata Mill. subsp. cordata","Stephens, M","10",30,6,2003,"Southwest Cloverleaf, N-38/10-10","Yes",37,149,0,NA,19.8924731182796,80.1075268817204,0,181,5
"155786",155786,"0040419MOR","Tilia cordata Mill. subsp. cordata","Stephens, M","9",27,6,2003,"Southwest Cloverleaf, N-38/10-10","Yes",109,50,0,NA,68.5534591194968,31.4465408805031,0,178,2
"36817",36817,"0049485MOR","Tilia cordata Mill. subsp. cordata","Anderson, B","7918",6,7,1979,"Tilia Collection; W-54/00-80","Yes",0,31,12,NA,0,72.093023255814,27.906976744186,187,6
"93112",93112,"0049479MOR","Tilia cordata Mill. subsp. cordata","Packard, S","3650V90",17,7,1990,"Tilia, U-55/40-55","Yes",0,0,46,NA,0,0,100,198,9
"27961",27961,"0049484MOR","Tilia cordata Mill. subsp. cordata","Ciolac, C","s.n.",9,7,1969,"Along DuPage River.","Yes",1,52,3,NA,1.78571428571429,92.8571428571429,5.35714285714286,190,5
"93263",93263,"0049480MOR","Tilia cordata Mill. subsp. cordata","Packard, S","3651V90",17,7,1990,"Tilia, U-55/35-25","Yes",0,0,54,NA,0,0,100,198,9
"92541",92541,"0071250MOR","Tilia cordata subsp. sibirica (M.B.Bayer) Pigott","Erickson, C","3545V90",19,6,1990,"[AA-55/area]","Yes",1,62,7,NA,1.42857142857143,88.5714285714286,10,170,5
"120843",120843,"0071218MOR","Tilia cordata subsp. sibirica (M.B.Bayer) Pigott","Packard, S","6720V94",16,8,1994,"Tilia Collection, [AA-53/36-78]","Yes",0,0,36,NA,0,0,100,228,9
"92613",92613,"0071251MOR","Tilia cordata subsp. sibirica (M.B.Bayer) Pigott","Erickson, C","3546V90",19,6,1990,"[Z-55/area]","Yes",28,24,NA,NA,53.8461538461538,46.1538461538462,0,170,3
"119776",119776,"0071217MOR","Tilia cordata subsp. sibirica (M.B.Bayer) Pigott","Altvatter, K","6565V94",6,6,1994,"Tilia Collection, [AA-53/36-78]","Yes",11,12,0,NA,47.8260869565217,52.1739130434783,0,157,3
"122245",122245,"0071249MOR","Tilia cordata subsp. sibirica (M.B.Bayer) Pigott","Hess, WJ","6809V94",30,8,1994,"Tiliaceae Collection, [AA-53/36-78]","Yes",0,0,49,NA,0,0,100,242,9
"120631",120631,"0049547MOR","Tilia × euchlora K.Koch","Carlino, J","6736V94",16,8,1994,"Tree Evaluation Plot, row 10, E-96/Area.","Yes",0,0,35,NA,0,0,100,228,9
"107201",107201,"0049550MOR","Tilia × euchlora K.Koch","Altvatter, K","5512V92",9,10,1992,"Display Collection, B-48/45-35","Yes",0,0,23,NA,0,0,100,283,9
"177322",177322,"0064245MOR","Tilia × euchlora K.Koch","Potenberg, K","13928v13",6,8,2013,"Tilia: T-53/65-85","Yes",0,0,40,NA,0,0,100,218,9
"62459",62459,"0049549MOR","Tilia × euchlora K.Koch","Hess, WJ","6251",9,9,1986,"N-38/10-10","Yes",0,0,11,NA,0,0,100,252,9
"106266",106266,"0049551MOR","Tilia × euchlora K.Koch","Packard, S","5467V92",1,9,1992,"Rosaceae Collection, D-64/64-93","Yes",0,0,24,NA,0,0,100,245,9
"120629",120629,"0049546MOR","Tilia × euchlora K.Koch","Carlino, J","6737V94",16,8,1994,"Tree Evaluation Plot, row 10, E-96/Area.","Yes",0,0,97,NA,0,0,100,228,9
"120628",120628,"0049545MOR","Tilia × euchlora K.Koch","Carlino, J","6735V94",16,8,1994,"Tree Evaluation Plot, Row 10, E-96/Area.","Yes",0,0,12,NA,0,0,100,228,9
"120839",120839,"0049522MOR","Tilia × europaea 'Pallida'","Carlino, J","6730V94",16,8,1994,"Colored Foliage Collection, K-89/08-55","Yes",0,0,11,NA,0,0,100,228,9
"98742",98742,"0049524MOR","Tilia × europaea 'Pallida'","Altvatter, K","4902V91",16,8,1991,"Aesculus Collection, M-92/90-15","Yes",0,0,7,NA,0,0,100,228,9
"177684",177684,"0065971MOR","Tilia × europaea 'Pallida'","Glaysher, L","13952v13",15,8,2013,"Tilia: W-57/55-50","Yes",0,0,6,NA,0,0,100,227,9
"98743",98743,"0049523MOR","Tilia × europaea 'Pallida'","Altvatter, K","4910V91",15,8,1991,"Colored Foliage, K-89/50-80","Yes",0,0,3,NA,0,0,100,227,9
"36813",36813,"0060938MOR","Tilia × europaea 'Pallida'","Hess, WJ","4751",6,7,1979,"Tiliaceae: W-57/55-50","Yes",0,0,121,NA,0,0,100,187,9
"79007",79007,"0049526MOR","Tilia × europaea 'Pallida'","Podrasky, N","1567V87",19,8,1987,"Tiliaceae, W-56/00-20","Yes",0,0,8,NA,0,0,100,231,9
"27999",27999,"0049556MOR","Tilia × europaea 'Tortuosa'","Braham, R","s.n.",29,6,1971,"Tilia Collection, Z-55/70-35","Yes",0,14,28,NA,0,33.3333333333333,66.6666666666667,180,7
"72837",72837,"0049553MOR","Tilia × europaea 'Tortuosa'","Podrasky, N","1195V87",16,6,1987,"Near Joy Path, BB-26/25-80.","Yes",0,1,27,NA,0,3.57142857142857,96.4285714285714,167,9
"92556",92556,"0049555MOR","Tilia × europaea 'Tortuosa'","Erickson, C","3544V90",19,6,1990,"Tilia, Z-55/70-35","Yes",1,13,3,NA,5.88235294117647,76.4705882352941,17.6470588235294,170,5
"28000",28000,"0049554MOR","Tilia × europaea 'Tortuosa'","Read, RW","437",2,7,1970,"Tilia, U-52/65-95","Yes",0,0,17,NA,0,0,100,183,9
"153298",153298,"0049552MOR","Tilia × europaea 'Tortuosa'","Anderson, B","7928",2,8,1979,"Tiliaceae Collection, east of road at U-52/65-95.","Yes",0,0,41,NA,0,0,100,214,9
"36812",36812,"0088293MOR","Tilia × europaea L.","Hess, WJ","4753",6,7,1979,"Tilia Collection, [W-56/75-65]","Yes",0,0,153,NA,0,0,100,187,9
"112814",112814,"0049544MOR","Tilia × europaea L.","Bradtke, HL","5893V93",23,6,1993,"Tiliaceae: W-57/55-50","Yes",19,24,2,NA,42.2222222222222,53.3333333333333,4.44444444444444,174,3
"112817",112817,"0049543MOR","Tilia × europaea L.","Bradtke, HL","5899V93",25,6,1993,"Tilia Collection, W-56/75-65","Yes",10,20,2,NA,31.25,62.5,6.25,176,NA
"177526",177526,"0065963MOR","Tilia × europaea L.","Potenberg, K","13887v13",16,7,2013,"Tilia: AA-54/33-65","Yes",0,0,40,NA,0,0,100,197,9
"112873",112873,"0049525MOR","Tilia × europaea L.","Altvatter, K","5881V93",22,6,1993,"Tiliaceae Collection, W-56/00-20","Yes",41,40,0,NA,50.6172839506173,49.3827160493827,0,173,3
"79930",79930,"0049557MOR","Tilia × flavescens A.Braun ex Döll","Podrasky, N","2096V88",22,6,1988,"Tiliaceae, V-50/40-05","Yes",26,9,0,NA,74.2857142857143,25.7142857142857,0,174,2
"74121",74121,"0049558MOR","Tilia × flavescens A.Braun ex Döll","Bunyan, T","1533V87",11,8,1987,"Tiliaceae, V-50/40-05","Yes",0,0,44,NA,0,0,100,223,9
"28021",28021,"0049492MOR","Tilia cordata Mill.","Teuscher, H","s.n.",16,7,1924,NA,"Yes",35,60,0,NA,36.8421052631579,63.1578947368421,0,198,3
"172717",172717,"0057742MOR","Tilia dasystyla subsp. caucasica (V.Engl.) Pigott","Beck, J","13135v11",25,8,2011,"Central & Western Asia: BB-70/50-05","Yes",0,0,4,NA,0,0,100,237,9
"187352",187352,"0098531MOR","Tilia 'Harvest Gold'","Courtney, C","16267v19",12,7,2019,"Parking 33: L-33/19-57","Yes",0,35,20,NA,0,63.6363636363636,36.3636363636364,193,6
"186495",186495,"0098809MOR","Tilia 'Harvest Gold'","Beck, J","16025v18",4,10,2018,"Parking 33: L-33/19-57","Yes",0,0,2,NA,0,0,100,277,9
"73911",73911,"0055206MOR","Tilia 'Redmond'","Podrasky, N","1429V87",25,7,1987,"Ground cover collection: J-45/12-37","Yes",0,0,2,NA,0,0,100,206,9
"73924",73924,"0055199MOR","Tilia 'Redmond'","Podrasky, N","1436V87",25,7,1987,"Ground cover collection: J-46/29-36","Yes",0,0,12,NA,0,0,100,206,9
"74191",74191,"0055207MOR","Tilia 'Redmond'","Podrasky, N","1430V87",25,7,1987,"Ground Cover collection: J45/10-56","Yes",0,0,1,NA,0,0,100,206,9
"74758",74758,"0055203MOR","Tilia 'Redmond'","Podrasky, N","1434V87",25,7,1987,"Ground cover collection: J45/05-96","Yes",0,0,3,NA,0,0,100,206,9
"96574",96574,"0055208MOR","Tilia 'Redmond'","Gavlak, N","4141V90",2,10,1990,"Ground Cover Garden: J-46/area.","Yes",0,0,3,NA,0,0,100,275,9
"96871",96871,"0055200MOR","Tilia 'Redmond'","Shimp, E","4208V90",17,10,1990,"Fragrance Garden: LL-25/area.","Yes",0,0,2,NA,0,0,100,290,9
"74759",74759,"0055205MOR","Tilia 'Redmond'","Podrasky, N","1432V87",25,7,1987,"Ground cover collection J-45/07-76","Yes",0,0,6,NA,0,0,100,206,9
"73926",73926,"0055204MOR","Tilia 'Redmond'","Podrasky, N","1433V87",25,7,1987,"Ground cover collection: J-45/22-92","Yes",0,0,9,NA,0,0,100,206,9
"120632",120632,"0088288MOR","Tilia × orbicularis (Carrière) Jouin","Packard, S","6725V94",16,8,1994,"Tilia Collection, [Z-54/52-73]","Yes",0,0,13,NA,0,0,100,228,9
"93284",93284,"0088289MOR","Tilia × orbicularis (Carrière) Jouin","Packard, S","3656V90",17,7,1990,"[Z-53/area]","Yes",0,0,20,NA,0,0,100,198,9
"72440",72440,"0088290MOR","Tilia × orbicularis (Carrière) Jouin","Podrasky, N","1187V87",16,6,1987,"[S-25 Area]","Yes",0,0,21,NA,0,0,100,167,9
"145616",145616,"0049566MOR","Tilia henryana Szyszyl.","Ayers, G","8925V99",11,7,1999,"Potted plant in Research Building.","Yes",179,30,0,NA,85.6459330143541,14.3540669856459,0,192,2
"74185",74185,"0050026MOR","Tilia insularis Nakai","Podrasky, N","1311V87",7,7,1987,"Tiliaceae: Y-55/85-55","Yes",79,41,2,NA,64.7540983606557,33.6065573770492,1.63934426229508,188,2
"120600",120600,"0049565MOR","Tilia insularis Nakai","Packard, S","6726V94",16,8,1994,"Tilia Collection, Y-55/89-51","Yes",0,0,37,NA,0,0,100,228,9
"122246",122246,"0049563MOR","Tilia insularis Nakai","Hess, WJ","6808V94",30,8,1994,"Tiliaceae Collection, Y-55/89-51","Yes",0,0,32,NA,0,0,100,242,9
"34701",34701,"0049564MOR","Tilia insularis Nakai","Hess, WJ","4442",6,10,1978,"East side of Arboretum near DuPage River, Y-55/area.","Yes",0,0,24,NA,0,0,100,279,9
"36825",36825,"0049561MOR","Tilia japonica (Miq.) Simonk.","Hess, WJ","4406",26,7,1978,"Linden collection by DuPage River at Z-55/90-90.","Yes",3,42,154,NA,1.50753768844221,21.105527638191,77.3869346733668,207,8
"36826",36826,"0049562MOR","Tilia japonica (Miq.) Simonk.","Hess, WJ","4405",25,7,1978,"Korean group near R-63.","Yes",25,70,79,NA,14.367816091954,40.2298850574713,45.4022988505747,206,NA
"36828",36828,"0049477MOR","Tilia japonica (Miq.) Simonk.","Hess, WJ","4763",10,7,1979,"Tilia Collection, U-55/00-10, east of road.","Yes",0,3,3,NA,0,50,50,191,6
"152468",152468,"0050019MOR","Tilia japonica (Miq.) Simonk.","Packard, S","9277V01",10,7,2001,"Tilia Collection, V-55/20-75","Yes",0,0,49,NA,0,0,100,191,9
"121715",121715,"0050022MOR","Tilia japonica (Miq.) Simonk.","Altvatter, K","6911V94",20,10,1994,"Korea Collection, R-64/60-83","Yes",0,0,28,NA,0,0,100,293,9
"74186",74186,"0050027MOR","Tilia japonica (Miq.) Simonk.","Podrasky, N","1309V87",7,7,1987,"Tiliaceae collection Z-55/30-00","Yes",25,26,2,NA,47.1698113207547,49.0566037735849,3.77358490566038,188,3
"177300",177300,"0064264MOR","Tilia japonica (Miq.) Simonk.","Potenberg, K","13927v13",6,8,2013,"Japan: AA-58/46-55","Yes",0,0,15,NA,0,0,100,218,9
"120630",120630,"0050024MOR","Tilia japonica (Miq.) Simonk.","Packard, S","6727V94",16,8,1994,"Tilia Collection, Z-55/90-90","Yes",0,0,52,NA,0,0,100,228,9
"143944",143944,"0050020MOR","Tilia japonica (Miq.) Simonk.","Ayers, G","8924V99",11,7,1999,"Korea Collection, R-63/90-89","Yes",2,17,4,NA,8.69565217391304,73.9130434782609,17.3913043478261,192,5
"121695",121695,"0050023MOR","Tilia japonica (Miq.) Simonk.","Jarvis, B","6902V94",19,10,1994,"Korea Collection, R-63/90-89","Yes",0,0,21,NA,0,0,100,292,9
"93283",93283,"0050025MOR","Tilia japonica (Miq.) Simonk.","Packard, S","3655V90",17,7,1990,"Z-55/30-00","Yes",113,148,18,NA,40.5017921146953,53.0465949820789,6.45161290322581,198,3
"36811",36811,"0050028MOR","Tilia japonica (Miq.) Simonk.","Hess, WJ","4762",10,7,1979,"Tilia Collection, east of road, V-55/2-7.5","Yes",0,11,38,NA,0,22.4489795918367,77.5510204081633,191,8
"179440",179440,"0076015MOR","Tilia japonica (Miq.) Simonk.","Aloian, J","14233v14",16,7,2014,"Korea: R-65/73-14","Yes",9,19,13,NA,21.9512195121951,46.3414634146341,31.7073170731707,197,NA
"121691",121691,"0050021MOR","Tilia japonica (Miq.) Simonk.","Altvatter, K","6912V94",20,10,1994,"Korea Collection, R-64/73-14","Yes",0,0,10,NA,0,0,100,293,9
"177299",177299,"0064263MOR","Tilia japonica (Miq.) Simonk.","Potenberg, K","13926v13",6,8,2013,"Japan: AA-58/39-86","Yes",0,0,19,NA,0,0,100,218,9
"89846",89846,"0050029MOR","Tilia maximowicziana Shiras.","Packard, S","2793V89",25,7,1989,"Tiliaceae collection Z-55/area","Yes",0,0,7,NA,0,0,100,206,9
"155663",155663,"0045000MOR","Tilia mongolica Maxim.","Hess, WJ","9711",10,8,2001,"E side, Chinese Collection; EE-65/07-11. Cultivated grounds, l'st level above DuPage River; open areas.","Yes",0,0,8,NA,0,0,100,222,9
"181667",181667,"0083884MOR","Tilia mongolica Maxim.","Potenberg, K","14536v15",28,7,2015,"China: DD-64/09-00","Yes",0,0,2,NA,0,0,100,209,9
"36840",36840,"0049457MOR","Tilia mongolica Maxim.","Hess, WJ","4748",6,7,1979,"Tilia Collection, X-57/45-30, east side of road.","Yes",55,22,7,NA,65.4761904761905,26.1904761904762,8.33333333333333,187,2
"170404",170404,"0055536MOR","Tilia mongolica Maxim.","Potenberg, K","11691v09",7,7,2009,"China, north section: CC-62/18-94","Yes",172,99,0,NA,63.4686346863469,36.5313653136531,0,188,2
"28123",28123,"0071271MOR","Tilia mongolica Maxim.","Lesica, P","s.n.",7,7,1972,"[Street Tree Grp]","Yes",93,33,0,NA,73.8095238095238,26.1904761904762,0,189,2
"145619",145619,"0050049MOR","Tilia mongolica Maxim.","Philip, M","s.n.",28,6,1999,"China Collection, EE-65/07-11","Yes",200,24,0,NA,89.2857142857143,10.7142857142857,0,179,2
"176995",176995,"0064037MOR","Tilia mongolica Maxim.","Glaysher, L","13907v13",25,7,2013,"Korea: T-67/28-19","Yes",0,0,47,NA,0,0,100,206,9
"127877",127877,"0050051MOR","Tilia mongolica Maxim.","Altvatter, K","7207V95",10,7,1995,"Tree Evaluation Area, E-96/Area","Yes",23,33,0,NA,41.0714285714286,58.9285714285714,0,191,3
"28122",28122,"0071270MOR","Tilia mongolica Maxim.","Lesica, P","s.n.",10,7,1972,"[Street Tree Grp]","Yes",80,76,0,NA,51.2820512820513,48.7179487179487,0,192,3
"172905",172905,"0058002MOR","Tilia mongolica Maxim.","Beck, J","13039v11",8,7,2011,"China BB-65/69-97","Yes",160,157,0,NA,50.4731861198738,49.5268138801262,0,189,3
"167439",167439,"0054191MOR","Tilia mongolica Maxim.","Means, E","11263v08",21,8,2008,"Korea: P-64/84-82","Yes",0,0,60,NA,0,0,100,234,9
"152545",152545,"0050047MOR","Tilia mongolica Maxim.","Packard, S","9278V01",10,7,2001,"Tiliaceae Collection, V-54/40-85","Yes",0,21,26,NA,0,44.6808510638298,55.3191489361702,191,7
"176996",176996,"0064038MOR","Tilia mongolica Maxim.","Beck, J","13908v13",25,7,2013,"Korea: T-66/53-91","Yes",0,3,31,NA,0,8.82352941176471,91.1764705882353,206,9
"146187",146187,"0050048MOR","Tilia mongolica Maxim.","Packard, S","9063V99",13,9,1999,"China Collection, EE-65/07-11","Yes",0,0,1,NA,0,0,100,256,9
"36823",36823,"0071269MOR","Tilia mongolica Maxim.","Hess, WJ","4761",9,7,1979,"Tree Evaluation Plot, [E-96/Area]","Yes",47,30,0,NA,61.038961038961,38.961038961039,0,190,2
"28124",28124,"0071272MOR","Tilia mongolica Maxim.","Ciolac, C","s.n.",10,7,1969,"[Z-54/?]","Yes",10,49,16,NA,13.3333333333333,65.3333333333333,21.3333333333333,191,4
"143960",143960,"0050050MOR","Tilia mongolica Maxim.","Philip, M","s.n.",28,6,1999,"Tilia Collection,s.section, V-54/40-85","Yes",218,42,0,NA,83.8461538461539,16.1538461538462,0,179,2
"168942",168942,"0054773MOR","Tilia mongolica Maxim.","Potenberg, K","11885v09",29,9,2009,"China, central section: BB-65/69-97","Yes",0,0,40,NA,0,0,100,272,9
"95434",95434,"0050052MOR","Tilia mongolica Maxim.","Packard, S","3906V90",14,8,1990,"Tilia Collection, X-37/45-30","Yes",0,0,20,NA,0,0,100,226,9
"54628",54628,"0071268MOR","Tilia mongolica Maxim.","Stoynoff, N","s.n.",10,7,1984,"[Evaluation Plot]","Yes",149,100,0,NA,59.8393574297189,40.1606425702811,0,192,3
"34698",34698,"0049453MOR","Tilia oliveri Szyszyl.","Hess, WJ","4447",6,10,1978,"Tilia Collection, X-56/Area, on the east side near the DuPage River.","Yes",0,0,11,NA,0,0,100,279,9
"36845",36845,"0049454MOR","Tilia oliveri Szyszyl.","Anderson, B","7917",6,7,1979,"Tilia Collection, X-56/00-00, east side of road.","Yes",0,0,11,NA,0,0,100,187,9
"154087",154087,"0049455MOR","Tilia oliveri Szyszyl.","Packard, S","9286V01",17,7,2001,"Northeast Asia: CC-41/54-11","Yes",0,0,15,NA,0,0,100,198,9
"120597",120597,"0049449MOR","Tilia oliveri Szyszyl.","Packard, S","6723V94",16,8,1994,"Tilia, north section: AA-54/26-29","Yes",0,0,10,NA,0,0,100,228,9
"93265",93265,"0049459MOR","Tilia oliveri Szyszyl.","Packard, S","3652V90",17,7,1990,"Tilia, X-55/15-55","Yes",0,0,32,NA,0,0,100,198,9
"94005",94005,"0049450MOR","Tilia oliveri Szyszyl.","Terrien, D","3653V90",17,7,1990,"Tilia, south section: X-56/00-00","Yes",0,0,24,NA,0,0,100,198,9
"142716",142716,"0049451MOR","Tilia oliveri Szyszyl.","Kirt, S","8532V98",15,6,1998,"Northeast Asia: CC-41/54-11","Yes",10,17,2,NA,34.4827586206897,58.6206896551724,6.89655172413793,166,NA
"112875",112875,"0049460MOR","Tilia oliveri Szyszyl.","Altvatter, K","5879V93",22,6,1993,"Tilia, south section: X-56/00-00","Yes",3,85,16,NA,2.88461538461538,81.7307692307692,15.3846153846154,173,5
"36846",36846,"0049456MOR","Tilia oliveri Szyszyl.","Anderson, B","7913",6,7,1979,"Tilia Collection, X-55/15-55, east side of road.","Yes",0,0,10,NA,0,0,100,187,9
"112867",112867,"0049461MOR","Tilia oliveri Szyszyl.","Altvatter, K","5887V93",22,6,1993,"Tilia Collection, V-55/15-55","Yes",13,44,6,NA,20.6349206349206,69.8412698412698,9.52380952380952,173,NA
"97888",97888,"0071267MOR","Tilia oliveri Szyszyl.","Altvatter, K","4705V91",20,6,1991,"Chinese Collection, [AA-65/59-44]","Yes",0,1,4,NA,0,20,80,171,8
"93113",93113,"0071311MOR","Tilia platyphyllos 'Laciniata'","Packard, S","3649V90",17,7,1990,"Tilia: V-55","Yes",0,0,6,NA,0,0,100,198,9
"112870",112870,"0071309MOR","Tilia platyphyllos 'Laciniata'","Altvatter, K","5884V93",22,6,1993,"Tilia Collection, [V-55/90-30]","Yes",0,16,5,NA,0,76.1904761904762,23.8095238095238,173,6
"112869",112869,"0071316MOR","Tilia platyphyllos 'Laciniata'","Altvatter, K","5885V93",22,6,1993,"Tilia Collection, [V-55/50-15]","Yes",27,123,5,NA,17.4193548387097,79.3548387096774,3.2258064516129,173,5
"112846",112846,"0071315MOR","Tilia platyphyllos 'Laciniata'","Bradtke, HL","5897V93",23,6,1993,"Tilia Collection, [V-55/45-30]","Yes",15,57,0,NA,20.8333333333333,79.1666666666667,0,174,NA
"177679",177679,"0065605MOR","Tilia platyphyllos 'Laciniata'","Means, E","13954v13",15,8,2013,"Tilia: V-56/45-30","Yes",0,0,2,NA,0,0,100,227,9
"112871",112871,"0071308MOR","Tilia platyphyllos 'Laciniata'","Altvatter, K","5883V93",22,6,1993,"Tilia Collection, [V-55/45-55]","Yes",13,58,3,NA,17.5675675675676,78.3783783783784,4.05405405405405,173,5
"92439",92439,"0071274MOR","Tilia platyphyllos 'Orebro'","Klock, K","3520V90",15,6,1990,"[Z-51/50-70]","Yes",22,25,1,NA,45.8333333333333,52.0833333333333,2.08333333333333,166,3
"119773",119773,"0071275MOR","Tilia platyphyllos 'Orebro'","Altvatter, K","6569V94",16,6,1994,"Tilia Collection, [Z-50/30-95]","Yes",0,7,1,NA,0,87.5,12.5,167,5
"74767",74767,"0071273MOR","Tilia platyphyllos 'Orebro'","Podrasky, N","1221V87",23,6,1987,"Tiliaceae Col., Morton Arb., [Z-51/50-70]","Yes",0,0,28,NA,0,0,100,174,9
"177866",177866,"0065598MOR","Tilia platyphyllos 'Orebro'","Glaysher, L","13925v13",1,8,2013,"Tilia: Z-50/30-95","Yes",0,0,4,NA,0,0,100,213,9
"72442",72442,"0060934MOR","Tilia platyphyllos 'Pyramidalis'","Podrasky, N","1188V87",16,6,1987,"Ozarks: S-24/Area","Yes",0,16,51,NA,0,23.8805970149254,76.1194029850746,167,8
"127899",127899,"0071280MOR","Tilia platyphyllos 'Pyramidalis'","Altvatter, K","7265V95",21,8,1995,"Columnar Collection, [H-66/80-00]","Yes",0,0,7,NA,0,0,100,233,9
"137651",137651,"0060933MOR","Tilia platyphyllos 'Pyramidalis'","Packard, S","8208V97",4,8,1997,"Ozarks Collection: S-25/35-77","Yes",0,0,6,NA,0,0,100,216,9
"28155",28155,"0071276MOR","Tilia platyphyllos 'Pyramidalis'","Read, RW","s.n.",15,10,1971,"[H-66/80-00]","Yes",0,0,15,NA,0,0,100,288,9
"28157",28157,"0071282MOR","Tilia platyphyllos 'Pyramidalis'","Swink, FA","s.n.",10,6,1964,"[Street Tree Grp]","Yes",15,33,0,NA,31.25,68.75,0,162,NA
"112844",112844,"0071279MOR","Tilia platyphyllos 'Pyramidalis'","Bradtke, HL","5892V93",23,6,1993,"Tilia Collection, [VW-57/25-55]","Yes",0,11,32,NA,0,25.5813953488372,74.4186046511628,174,8
"65119",65119,"0071277MOR","Tilia platyphyllos 'Pyramidalis'","Podrasky, N","291V84",21,6,1984,"[J-45/25-10]","Yes",0,26,58,NA,0,30.952380952381,69.047619047619,173,7
"132121",132121,"0071281MOR","Tilia platyphyllos 'Pyramidalis'","Linden, M","7471V96",25,6,1996,"Ground Cover Garden, [J-45/25-10]","Yes",15,23,4,NA,35.7142857142857,54.7619047619048,9.52380952380952,177,3
"28153",28153,"0071278MOR","Tilia platyphyllos 'Pyramidalis'","Lesica, P","s.n.",14,6,1972,"[H-66/80-00]","Yes",16,5,0,NA,76.1904761904762,23.8095238095238,0,166,2
"78986",78986,"0060935MOR","Tilia platyphyllos 'Rubra'","Podrasky, N","1569V87",19,8,1987,"Tiliaceae: W-55/25-95","Yes",0,0,17,NA,0,0,100,231,9
"112874",112874,"0060937MOR","Tilia platyphyllos 'Rubra'","Altvatter, K","5880V93",22,6,1993,"Tiliaceae: W-55/65-95","Yes",47,48,1,NA,48.9583333333333,50,1.04166666666667,173,3
"36847",36847,"0060936MOR","Tilia platyphyllos 'Rubra'","Hess, WJ","4757",9,7,1979,"Tiliaceae: V-55/80-80","Yes",0,0,65,NA,0,0,100,190,9
"120833",120833,"0071317MOR","Tilia platyphyllos 'Vitifolia'","Altvatter, K","6712V94",14,8,1994,"Aesculus Collection, [K-88/50-05]","Yes",0,0,3,NA,0,0,100,226,9
"188240",188240,"0099475MOR","Tilia platyphyllos Scop.","Potenberg, K","16229v19",27,6,2019,"Central Europe: DD-34/05-82","Yes",0,0,13,NA,0,0,100,178,9
"112845",112845,"0071259MOR","Tilia platyphyllos Scop.","Bradtke, HL","5896V93",23,6,1993,"Tilia Collection, [V-56/80-65]","Yes",0,13,27,NA,0,32.5,67.5,174,7
"98503",98503,"0071291MOR","Tilia platyphyllos Scop.","Packard, S","4840V91",30,7,1991,"near Meadow Lake, [T-47/30-10]","Yes",0,0,13,NA,0,0,100,211,9
"112592",112592,"0071265MOR","Tilia platyphyllos Scop.","Altvatter, K","5850V93",15,6,1993,"Godshalk Meadow, [N-32/90-25]","Yes",60,21,0,NA,74.0740740740741,25.9259259259259,0,166,2
"28165",28165,"0071305MOR","Tilia platyphyllos Scop.","Read, RW","434",2,7,1970,"[X-56/05-85]","Yes",0,0,16,NA,0,0,100,183,9
"92438",92438,"0071289MOR","Tilia platyphyllos Scop.","Klock, K","3519V90",15,6,1990,"Z-52/60-00","Yes",43,18,0,NA,70.4918032786885,29.5081967213115,0,166,2
"92015",92015,"0071286MOR","Tilia platyphyllos Scop.","Klock, K","3366V90",22,5,1990,"[N-32/90-25]","Yes",125,0,0,NA,100,0,0,142,1
"79001",79001,"0071292MOR","Tilia platyphyllos Scop.","Podrasky, N","1568V87",19,8,1987,"[V-55/80-80]","Yes",0,0,17,NA,0,0,100,231,9
"112815",112815,"0071260MOR","Tilia platyphyllos Scop.","Bradtke, HL","5895V93",23,6,1993,"Tilia Collection, [W-57/85-20]","Yes",0,8,17,NA,0,32,68,174,7
"28164",28164,"0071306MOR","Tilia platyphyllos Scop.","Read, RW","435",2,7,1970,"[W-57/85-20]","Yes",0,0,24,NA,0,0,100,183,9
"92640",92640,"0071288MOR","Tilia platyphyllos Scop.","Erickson, C","3542V90",19,6,1990,"[T-47/60-00]","Yes",15,35,0,NA,30,70,0,170,NA
"36850",36850,"0071301MOR","Tilia platyphyllos Scop.","Hess, WJ","4745",5,7,1979,"Tilia Collection, [AA-55/0-5]","Yes",0,0,54,NA,0,0,100,186,9
"120624",120624,"0071257MOR","Tilia platyphyllos Scop.","Carlino, J","6733V94",16,8,1994,"Tree Evaluation Plot Row 13, [E-96/Area]","Yes",0,0,20,NA,0,0,100,228,9
"120840",120840,"0071253MOR","Tilia platyphyllos Scop.","Packard, S","6728V94",16,8,1994,"Tilia Collection, [AA-55/00-50]","Yes",0,0,3,NA,0,0,100,228,9
"75705",75705,"0071297MOR","Tilia platyphyllos Scop.","Podrasky, N","1306V87",7,7,1987,"[Z-5260-00]","Yes",0,2,29,NA,0,6.45161290322581,93.5483870967742,188,9
"92623",92623,"0071287MOR","Tilia platyphyllos Scop.","Erickson, C","3543V90",19,6,1990,"[AA-55/00-50]","Yes",1,46,5,NA,1.92307692307692,88.4615384615385,9.61538461538462,170,5
"112593",112593,"0071264MOR","Tilia platyphyllos Scop.","Altvatter, K","5849V93",15,6,1993,"Godshalk Meadow, [N-30/50-90]","Yes",37,45,0,NA,45.1219512195122,54.8780487804878,0,166,3
"158027",158027,"0050165MOR","Tilia platyphyllos Scop.","Shroll, E","10189V05",5,7,2005,"Godshalk Meadow, north side: N-30/59-95","Yes",0,0,24,NA,0,0,100,186,9
"28168",28168,"0071304MOR","Tilia platyphyllos Scop.","Lesica, P","s.n.",14,6,1972,"[W-57/85-20]","Yes",25,4,0,NA,86.2068965517241,13.7931034482759,0,166,2
"36849",36849,"0071302MOR","Tilia platyphyllos Scop.","Hess, WJ","4739",5,6,1979,"Tilia Collection, [Z-52/6-0]","Yes",0,0,61,NA,0,0,100,156,9
"140376",140376,"0071285MOR","Tilia platyphyllos Scop.","Rossi, E","271",15,6,1990,"Oleaceae Collection, [N-32/90-25]","Yes",73,84,NA,NA,46.4968152866242,53.5031847133758,0,166,3
"120174",120174,"0071254MOR","Tilia platyphyllos Scop.","Carlino, J","6618V94",14,7,1994,"Tilia Collection, [W-55/50-65]","Yes",0,0,11,NA,0,0,100,195,9
"112848",112848,"0071263MOR","Tilia platyphyllos Scop.","Bradtke, HL","5900V93",26,6,1993,"Tilia Collection, [X-56/05-85]","Yes",0,6,19,NA,0,24,76,177,8
"112868",112868,"0071261MOR","Tilia platyphyllos Scop.","Altvatter, K","5886V93",22,6,1993,"Tilia Collection, [V-55/50-65]","Yes",0,24,19,NA,0,55.8139534883721,44.1860465116279,173,6
"36851",36851,"0071303MOR","Tilia platyphyllos Scop.","Anderson, B","7919",6,7,1979,"[E. of road]","Yes",0,0,49,NA,0,0,100,187,9
"119805",119805,"0071256MOR","Tilia platyphyllos Scop.","Altvatter, K","6568V94",16,6,1994,"Tilia Collection, [Z-52/60-00]","Yes",5,20,7,NA,15.625,62.5,21.875,167,4
"74094",74094,"0071299MOR","Tilia platyphyllos Scop.","Podrasky, N","1326V87",8,7,1987,"[T-47/60-00]","Yes",0,0,13,NA,0,0,100,189,9
"93931",93931,"0071283MOR","Tilia platyphyllos Scop.","Shimp, E","3794",1,8,1990,"in Godshalk Meadow, [M-35/30-00]","Yes",0,0,13,NA,0,0,100,213,9
"78987",78987,"0071293MOR","Tilia platyphyllos Scop.","Podrasky, N","1570V87",19,8,1987,"[W-55/50-65]","Yes",0,0,10,NA,0,0,100,231,9
"76916",76916,"0071295MOR","Tilia platyphyllos Scop.","Podrasky, N","1519V87",10,8,1987,"[M-35/30-00]","Yes",0,0,11,NA,0,0,100,222,9
"92621",92621,"0071290MOR","Tilia platyphyllos Scop.","Erickson, C","3541V90",19,6,1990,"[T-47/30-10]","Yes",2,46,4,NA,3.84615384615385,88.4615384615385,7.69230769230769,170,5
"75702",75702,"0071298MOR","Tilia platyphyllos Scop.","Podrasky, N","1310V87",7,7,1987,"[Z-55/30-35]","Yes",0,0,18,NA,0,0,100,188,9
"36848",36848,"0071300MOR","Tilia platyphyllos Scop.","Hess, WJ","4750",6,7,1979,"Tilia Collection, [W-57/85-20]","Yes",0,0,30,NA,0,0,100,187,9
"155785",155785,"0040401MOR","Tilia platyphyllos Scop.","Stephens, M","6",25,6,2003,"N-32/92-28 Godshalk Meadow","Yes",32,7,0,NA,82.051282051282,17.948717948718,0,176,2
"79006",79006,"0071307MOR","Tilia platyphyllos Scop.","Podrasky, N","1565V87",19,8,1987,"[V-56/80-65]","Yes",0,0,15,NA,0,0,100,231,9
"112878",112878,"0071262MOR","Tilia platyphyllos Scop.","Altvatter, K","5876V93",22,6,1993,"Tilia Collection, [Z-55/30-35]","Yes",0,16,38,NA,0,29.6296296296296,70.3703703703704,173,8
"98504",98504,"0071284MOR","Tilia platyphyllos Scop.","Packard, S","4856V91",6,8,1991,"Tiliaceae Collection, [AA-55/00-50]","Yes",0,0,3,NA,0,0,100,218,9
"122448",122448,"0071252MOR","Tilia platyphyllos Scop.","Altvatter, K","6608V94",6,7,1994,"Tilia Collection, [Z-52/60-00]","Yes",0,2,16,NA,0,11.1111111111111,88.8888888888889,187,8
"74189",74189,"0071294MOR","Tilia platyphyllos Scop.","Podrasky, N","1325V87",8,7,1987,"[T-47/30-10]","Yes",0,0,7,NA,0,0,100,189,9
"78755",78755,"0071296MOR","Tilia platyphyllos Scop.","Podrasky, N","1222V87",23,6,1987,"[Z-52/60-00]","Yes",18,37,18,NA,24.6575342465753,50.6849315068493,24.6575342465753,174,4
"138173",138173,"0049518MOR","Tilia platyphyllos subsp. cordifolia (Besser) C.K.Schneid. [1]","Wise, R","8230V97",6,8,1997,"West DuPage River Collection, O-30/9-85","Yes",0,0,13,NA,0,0,100,218,9
"65114",65114,"0049521MOR","Tilia platyphyllos subsp. cordifolia (Besser) C.K.Schneid. [1]","Stoynoff, N","s.n.",28,6,1984,"Alnus Loop, O-30/70-30","Yes",3,12,32,NA,6.38297872340426,25.531914893617,68.0851063829787,180,8
"112754",112754,"0049520MOR","Tilia platyphyllos subsp. cordifolia (Besser) C.K.Schneid. [1]","Bradtke, HL","5861V93",16,6,1993,"Alnus Collection, O-29/20-25","Yes",6,24,4,NA,17.6470588235294,70.5882352941177,11.7647058823529,167,5
"112730",112730,"0049519MOR","Tilia platyphyllos subsp. cordifolia (Besser) C.K.Schneid. [1]","Bradtke, HL","5862V93",16,6,1993,"Alnus Collection, 0-30/90-85","Yes",16,39,2,NA,28.0701754385965,68.421052631579,3.50877192982456,167,NA
"188464",188464,"0100250MOR","Tilia 'Redmond'","Worcester, L","LW 453",20,6,2020,"Fragrance Garden: JJ-25/82-38","Yes",73,38,0,NA,65.7657657657658,34.2342342342342,0,172,2
"132267",132267,"0055202MOR","Tilia 'Redmond'","Packard, S","7476V96",25,6,1996,"Ground Cover Garden: I-46/93-75.","Yes",42,9,0,NA,82.3529411764706,17.6470588235294,0,177,2
"132122",132122,"0055195MOR","Tilia 'Redmond'","Packard, S","7473V96",25,6,1996,"Ground cover garden: J-45/22-92.","Yes",25,34,NA,NA,42.3728813559322,57.6271186440678,0,177,3
"66481",66481,"0055197MOR","Tilia 'Redmond'","Podrasky, N","292V84",21,6,1984,"J-45/10-35.","Yes",7,52,7,NA,10.6060606060606,78.7878787878788,10.6060606060606,173,5
"155777",155777,"0045009MOR","Tilia 'Redmond'","Stephens, M","12",25,6,2003,"Tree Evaluation Plot, D-102/32-79","Yes",12,24,0,NA,33.3333333333333,66.6666666666667,0,176,NA
"183462",183462,"0092284MOR","Tilia 'Redmond'","Madden, ME","14919v16",13,6,2016,"Ground Cover Garden: J-45/22-92","Yes",16,13,0,NA,55.1724137931034,44.8275862068966,0,165,3
"152195",152195,"0055196MOR","Tilia 'Redmond'","Packard, S","9256V01",19,6,2001,"Fragrance Garden: JJ-25","Yes",6,12,10,NA,21.4285714285714,42.8571428571429,35.7142857142857,170,NA
"132119",132119,"0055201MOR","Tilia 'Redmond'","Packard, S","7475V96",25,6,1996,"Ground Cover Garden: J-46/29-36.","Yes",24,10,0,NA,70.5882352941177,29.4117647058824,0,177,2
"132211",132211,"0055198MOR","Tilia 'Redmond'","Packard, S","7474V96",25,6,1996,"Ground Cover Garden: J-45/05-96.","Yes",26,24,1,NA,50.9803921568627,47.0588235294118,1.96078431372549,177,3
"132120",132120,"0055194MOR","Tilia 'Redmond'","Packard, S","7472v96",25,6,1996,"Ground Cover J-45/10-56","Yes",17,13,0,NA,56.6666666666667,43.3333333333333,0,177,3
"155783",155783,"0040385MOR","Tilia tomentosa Moench","Stephens, M","8",11,7,2003,"II-72/46-50 Balkan, N section","Yes",7,37,0,NA,15.9090909090909,84.0909090909091,0,192,5
"95899",95899,"0071396MOR","Tilia tomentosa Moench","Gavlak, N","4027",29,8,1990,"Tilia Collection, [U-54/45-50]","Yes",0,0,10,NA,0,0,100,241,9
"28387",28387,"0071401MOR","Tilia tomentosa Moench","Read, RW","s.n.",14,10,1971,"Tilia Collection, [U-54/55-15]","Yes",0,0,3,NA,0,0,100,287,9
"122219",122219,"0071395MOR","Tilia tomentosa Moench","Altvatter, K","6794V94",25,8,1994,"Tiliaceae Collection, [U-54/45-50]","Yes",0,4,23,NA,0,14.8148148148148,85.1851851851852,237,8
"34696",34696,"0071402MOR","Tilia tomentosa Moench","Hess, WJ","4449",6,10,1978,"[U-54]","Yes",0,0,10,NA,0,0,100,279,9
"143959",143959,"0071318MOR","Tilia tomentosa Moench","Philip, M","s.n.",28,6,1999,"Tilia Collection,s.section, [U-54/45-50]","Yes",69,13,0,NA,84.1463414634146,15.8536585365854,0,179,2
"177469",177469,"0065631MOR","Tilia tomentosa Moench","Potenberg, K","13889v13",16,7,2013,"Tilia: AA-55/82-66","Yes",0,0,15,NA,0,0,100,197,9
"28392",28392,"0071405MOR","Tilia tomentosa Moench","Swink, FA","s.n.",23,7,1964,"[U-54/5.5-1.5]","Yes",0,0,2,NA,0,0,100,205,9
"28389",28389,"0071403MOR","Tilia tomentosa Moench","Read, RW","s.n.",14,10,1971,"[U-54/5.5-1.5]","Yes",0,0,5,NA,0,0,100,287,9
"74120",74120,"0071397MOR","Tilia tomentosa Moench","Podrasky, N","1328V87",8,7,1987,"[S-47/60-70]","Yes",0,0,3,NA,0,0,100,189,9
"28391",28391,"0071404MOR","Tilia tomentosa Moench","Read, RW","436",2,7,1970,"[U-54/5.5-1.5]","Yes",12,10,0,NA,54.5454545454545,45.4545454545455,0,183,3
"92580",92580,"0071394MOR","Tilia tomentosa Moench","Klock, K","3578V90",6,7,1990,"[M-41/35-75]","Yes",12,49,0,NA,19.672131147541,80.327868852459,0,187,5
"74188",74188,"0071398MOR","Tilia tomentosa Moench","Podrasky, N","1327V87",8,7,1987,"[T-47/25-75]","Yes",0,3,8,NA,0,27.2727272727273,72.7272727272727,189,8
"96089",96089,"0071393MOR","Tilia tomentosa Moench","Gavlak, N","4029",29,8,1990,"In Tilia Collection, [U-54/55-15]","Yes",0,0,5,NA,0,0,100,241,9
"76714",76714,"0071399MOR","Tilia tomentosa Moench","Podrasky, N","1498V87",5,8,1987,"[M41/35-75]","Yes",0,0,12,NA,0,0,100,217,9
"36844",36844,"0071400MOR","Tilia tomentosa Moench","Hess, WJ","4759",9,7,1979,"Tilia Collection, [U-54/50-15]","Yes",12,15,1,NA,42.8571428571429,53.5714285714286,3.57142857142857,190,3
"122449",122449,"0048516MOR","Tilia × zamoyskiana Wróbl.","Knox, K","9951V04",25,6,2004,"Ground Cover Garden, east side; J-42/30-80","Yes",38,53,0,NA,41.7582417582418,58.2417582417582,0,177,3
"153300",153300,"0071420MOR","Tilia × zamoyskiana Wróbl.","Anderson, B","7921",2,8,1979,"Tiliaceae Collection, [AA-53/20-05]","Yes",0,0,1,NA,0,0,100,214,9
"75703",75703,"0071418MOR","Tilia × zamoyskiana Wróbl.","Podrasky, N","1308V87",7,7,1987,"[AA-53/20-00]","Yes",0,0,101,NA,0,0,100,188,9
"142821",142821,"0071416MOR","Tilia × zamoyskiana Wróbl.","Kirt, S","8557V98",28,6,1998,"Tilia, N section, [Z-52/80-65]","Yes",0,17,4,NA,0,80.952380952381,19.047619047619,179,5
"75704",75704,"0071417MOR","Tilia × zamoyskiana Wróbl.","Podrasky, N","1307V87",7,7,1987,"[Z-52/80-65]","Yes",0,0,25,NA,0,0,100,188,9
"159681",159681,"0050112MOR","Tilia × zamoyskiana Wróbl.","Carle, M","10193V05",6,7,2005,"Ground Cover Garden, west side, north: J-42/30-80","Yes",0,3,92,NA,0,3.1578947368421,96.8421052631579,187,9
"74770",74770,"0071419MOR","Tilia × zamoyskiana Wróbl.","Podrasky, N","1226V87",23,6,1987,"Tiliaceae Col., Morton Arb., [AA-53/20-05]","Yes",2,56,3,NA,3.27868852459016,91.8032786885246,4.91803278688525,174,5
"64084",64084,"0071406MOR","Tilia tomentosa 'Erecta'","Podrasky, N","667V85",18,7,1985,"[X-57/30-75]","Yes",0,1,49,NA,0,2,98,199,9
"36843",36843,"0071408MOR","Tilia tomentosa 'Erecta'","Hess, WJ","4749",6,7,1979,"Tiliaceae Collection, [X-57/45-30]","Yes",7,20,4,NA,22.5806451612903,64.5161290322581,12.9032258064516,187,4
"132909",132909,"0071410MOR","Tilia tomentosa 'Erecta'","Packard, S","7593V96",10,9,1996,"n. side parking lot 1, [R-45/55-88]","Yes",0,0,18,NA,0,0,100,254,9
"120673",120673,"0071409MOR","Tilia tomentosa 'Erecta'","Carlino, J","6626V94",14,7,1994,"Tilia Collection, [X-57/65-80]","Yes",0,0,70,NA,0,0,100,195,9
"143984",143984,"0071411MOR","Tilia tomentosa 'Erecta'","Philip, M","s.n.",28,6,1999,"Tilia Collection,n.section, [X-57/65-80]","Yes",14,22,0,NA,38.8888888888889,61.1111111111111,0,179,3
"77032",77032,"0071412MOR","Tilia tomentosa 'Pendula'","Podrasky, N","1518V87",10,8,1987,"[M-35/80-60]","Yes",0,0,10,NA,0,0,100,222,9
"177301",177301,"0064261MOR","Tilia tomentosa 'Pendula'","Means, E","13921v13",1,8,2013,"Tilia: AA-53/57-27","Yes",0,0,7,NA,0,0,100,213,9
"172684",172684,"0057709MOR","Tilia tomentosa 'Sterling'","Potenberg, K","13106v11",16,8,2011,"Childrens Garden: J-50/15-98","Yes",0,0,6,NA,0,0,100,228,9
"97798",97798,"0071407MOR","Tilia tomentosa Moench","Gavlak, N","4726",26,6,1991,"Near parking, [R-45/50-85]","Yes",2,16,0,NA,11.1111111111111,88.8888888888889,0,177,5
"120844",120844,"0071413MOR","Tilia tuan Szyszyl.","Packard, S","6722V94",16,8,1994,"Tilia Collection, [AA-54/59-37]","Yes",0,0,21,NA,0,0,100,228,9
"122247",122247,"0071415MOR","Tilia tuan Szyszyl.","Hess, WJ","6807V94",30,8,1994,"Tiliaceae Collection, [AA-54/59-37]","Yes",0,0,3,NA,0,0,100,242,9
"177016",177016,"0064061MOR","Tilia tuan Szyszyl.","Glaysher, L","13935v13",8,8,2013,"China: BB-69/88-54","Yes",0,0,28,NA,0,0,100,220,9
"98505",98505,"0071414MOR","Tilia tuan Szyszyl.","Packard, S","4854V91",6,8,1991,"Tiliaceae Collection, [AA-54/59-37]","Yes",0,0,16,NA,0,0,100,218,9
"36824",36824,"0060916MOR","Tilia tuan var. chinensis (Szyszyl.) Rehder & E.H.Wilson","Hess, WJ","4444",6,10,1978,"Tilia Collection: Z-55/Area. On east side near the DuPage River.","Yes",0,0,30,NA,0,0,100,279,9
"188219",188219,"0099468MOR","Tilia × euchlora K.Koch","Worcester, L","LW353",5,9,2018,"Frost Hill: D-64/64-93","Yes",0,0,6,NA,0,0,100,248,9
"187829",187829,"0099173MOR","Tilia × orbicularis (Carrière) Jouin","Worcester, L","LW405",25,9,2018,"Tilia: Z-54/52-73","Yes",0,0,2,NA,0,0,100,268,9
"188215",188215,"0099472MOR","Tilia × zamoyskiana Wróbl.","Worcester, L","LW347",30,8,2018,"Ground Cover Garden: J-42/30-80","Yes",0,0,11,NA,0,0,100,242,9
"188468",188468,"0100246MOR","Tilia amurensis Rupr.","Worcester, L","LW 450",4,6,2019,"China: X-64/29-37","Yes",61,0,0,NA,100,0,0,155,1
"187836",187836,"0099159MOR","Tilia amurensis subsp. taquetii (C.K.Schneid.) Pigott","Worcester, L","LW311",9,8,2018,"Korea: Q-66/24-23","Yes",0,0,16,NA,0,0,100,221,9
"188449",188449,"0099840MOR","Tilia chinensis Maxim.","Worcester, L","LW235",2,7,2018,"Hatch Meadow: CC-41/54-11","Yes",0,0,28,NA,0,0,100,183,9
"188242",188242,"0099473MOR","Tilia cordata Mill.","Moran, E","16228v19",26,6,2019,"Central Europe: Y-32/40-69","Yes",39,33,0,NA,54.1666666666667,45.8333333333333,0,177,3
"187834",187834,"0099156MOR","Tilia cordata Mill. subsp. cordata","Worcester, L","LW280",3,8,2018,"Central Europe: Y-32/40-69","Yes",0,0,23,NA,0,0,100,215,9
"187837",187837,"0099160MOR","Tilia dasystyla subsp. caucasica (V.Engl.) Pigott","Worcester, L","LW320",16,8,2018,"Central & Western Asia: BB-70/50-05","Yes",0,0,8,NA,0,0,100,228,9
"187824",187824,"0099158MOR","Tilia japonica (Miq.) Simonk.","Worcester, L","LW310",9,8,2018,"Korea: R-64/60-83","Yes",0,0,12,NA,0,0,100,221,9
"188231",188231,"0099484MOR","Tilia mongolica Maxim.","DeVries, C","16168v19",5,6,2019,"East Tilia: P-89/07-01","Yes",51,0,0,NA,100,0,0,156,1
"188465",188465,"0100249MOR","Tilia platyphyllos subsp. corinthiaca (Bosc ex K.Koch) Pigott","Worcester, L","LW403",25,9,2018,"Tilia: Z-51/50-70","Yes",0,0,1,NA,0,0,100,268,9
"187835",187835,"0099157MOR","Tilia platyphyllos subsp. platyphyllos","Worcester, L","LW281",3,8,2018,"Central Europe: Z-33/43-60","Yes",0,0,3,NA,0,0,100,215,9
"188239",188239,"0099476MOR","Tilia platyphyllos subsp. platyphyllos","Potenberg, K","16230v19",27,6,2019,"Ozark: S-25/35-77","Yes",0,1,7,NA,0,12.5,87.5,178,8
"188237",188237,"0099478MOR","Tilia tomentosa Moench","Moran, E","16241v19",10,7,2019,"Tilia: U-54/45-50","Yes",21,81,2,NA,20.1923076923077,77.8846153846154,1.92307692307692,191,NA
"89954",89954,"0071423MOR","Tilia","Klock, K","2769V89",13,7,1989,"[D-65/95-80]","Yes",0,1,16,NA,0,5.88235294117647,94.1176470588235,194,9
"137468",137468,"0071422MOR","Tilia","Packard, S","8205V97",4,8,1997,"Ozark Collection, w.side, [T-26/07-35]","Yes",0,0,3,NA,0,0,100,216,9
"74187",74187,"0071424MOR","Tilia","Podrasky, N","1323V87",8,7,1987,"[IL Tree Trail]","Yes",0,0,24,NA,0,0,100,189,9
"112872",112872,"0071258MOR","Tilia platyphyllos Scop.","Altvatter, K","5882V93",22,6,1993,"Tilia Collection, [V-55/80-80]","Yes",1,47,68,NA,0.862068965517241,40.5172413793103,58.6206896551724,173,7
"195720",195720,NA,"Tilia cordata Mill. subsp. cordata","Dorrell, J","19028v25",23,10,2025,"Europe: DD-34/30-06","Yes",0,0,4,NA,0,0,100,296,9
"195743",195743,NA,"Tilia dasystyla subsp. caucasica (V.Engl.) Pigott","Dorrell, J","19020v25",23,10,2025,"Europe: Z-34/43-75","Yes",0,0,3,NA,0,0,100,296,9
"177464",177464,"0065630MOR","Tilia × flaccida Host ex Bayer","Potenberg, K","13888v13",16,7,2013,"Tilia: AA-54/18-92","Yes",0,0,9,NA,0,0,100,197,9
"194766",194766,"0112567MOR","Tilia platyphyllos subsp. platyphyllos","Chen, S","18865v25",19,6,2025,"Europe: Z-33/43-60","Yes",51,54,0,NA,48.5714285714286,51.4285714285714,0,170,3
